compound_chembl_id	canonical_smiles	compound_key	pubmed_id_or_doi	assay_description	standard_type	standard_relation	standard_value	standard_units	activity_comment	assay_category
CHEMBL3350932	C=CC1([C@H](N)C(=O)N2[C@H](C#N)C[C@@H]3C[C@@H]32)CCCC1	8d	16033281	In vitro inhibition constant against human Dipeptidyl peptidase IV	Ki	=	3.9	nM		
CHEMBL315163	CCC(C)[C@H](N)C(=O)N1CSCCC1C#N	12	10.1016/S0960-894X(96)00491-X	Inhibition of human Dipeptidyl peptidase IV	Ki	=	6000.0	nM		
CHEMBL2115247	CC[C@H](C)[C@H](N)C(=O)N1C[S+]([O-])C[C@H]1C#N	7	10.1016/S0960-894X(96)00491-X	Inhibition of human Dipeptidyl peptidase IV	Ki	=	34.0	nM		
CHEMBL92706	CCC(C)[C@H](N)C(=O)N1CCC[C@@]1(C)C#N	11	10.1016/S0960-894X(96)00491-X	Inhibition of human Dipeptidyl peptidase IV	Ki	=	4200.0	nM		
CHEMBL92175	N#C[C@@H]1CSCN1C(=O)C(CCCCN)NC(=O)OCc1ccccc1	15	10.1016/S0960-894X(96)00491-X	Inhibition of human Dipeptidyl peptidase IV	Ki	=	5.0	nM		
CHEMBL327187	CCC(C)[C@H](N)C(=O)N1CCS[C@H]1C#N	4	10.1016/S0960-894X(96)00491-X	Inhibition of human Dipeptidyl peptidase IV	Ki	=	1.7	nM		
CHEMBL93208	CCC(C)[C@H](N)C(=O)N1CSC[C@H]1C#N	3	10.1016/S0960-894X(96)00491-X	Inhibition of human Dipeptidyl peptidase IV	Ki	=	0.41	nM		
CHEMBL329641	CCC(C)[C@H](N)C(=O)N1CCC[C@H]1C#N	5	10.1016/S0960-894X(96)00491-X	Inhibition of human Dipeptidyl peptidase IV	Ki	=	2.2	nM		
CHEMBL92760	CCC(C)[C@H](N)C(=O)N1CS(=O)(=O)C[C@H]1C#N	6	10.1016/S0960-894X(96)00491-X	Inhibition of human Dipeptidyl peptidase IV	Ki	=	21.0	nM		
CHEMBL94278	N#C[C@@H]1CCCN1C(=O)[C@@H](N)C1CCCC1	1	10.1016/S0960-894X(96)00491-X	Inhibition of human Dipeptidyl peptidase IV	Ki	=	1.1	nM		
CHEMBL93526	CCC(C)[C@H](N)C(=O)N1CCCC[C@H]1C#N	8	10.1016/S0960-894X(96)00491-X	Inhibition of human Dipeptidyl peptidase IV	Ki	=	260.0	nM		
CHEMBL93060	N#C[C@@H]1CSCN1C(=O)C(N)C1CCCC1	13	10.1016/S0960-894X(96)00491-X	Inhibition of human Dipeptidyl peptidase IV	Ki	=	0.5	nM		
CHEMBL2115247	CC[C@H](C)[C@H](N)C(=O)N1C[S+]([O-])C[C@H]1C#N	9	10.1016/S0960-894X(96)00491-X	Inhibition of human Dipeptidyl peptidase IV	Ki	=	440.0	nM		
CHEMBL328123	CCC(C)[C@H](N)C(=O)N1COC[C@H]1C#N	10	10.1016/S0960-894X(96)00491-X	Inhibition of human Dipeptidyl peptidase IV	Ki	=	450.0	nM		
CHEMBL316560	N#C[C@@H]1CSCN1C(=O)C(N)C1CCCCC1	14	10.1016/S0960-894X(96)00491-X	Inhibition of human Dipeptidyl peptidase IV	Ki	=	0.8	nM		
CHEMBL3350930	C=CC(C)(C)[C@H](N)C(=O)N1[C@H](C#N)C[C@@H]2C[C@@H]21	8a	16033281	In vitro inhibition constant against human Dipeptidyl peptidase IV	Ki	=	57.0	nM		
CHEMBL3350922	C=CC(CC)(CC)[C@H](N)C(=O)N1[C@H](C#N)C[C@@H]2C[C@@H]21	8b	16033281	In vitro inhibition constant against human Dipeptidyl peptidase IV	Ki	=	25.0	nM		
CHEMBL3350923	C=CC1([C@H](N)C(=O)N2[C@H](C#N)C[C@@H]3C[C@@H]32)CCC1	8c	16033281	In vitro inhibition constant against human Dipeptidyl peptidase IV	Ki	=	12.0	nM		
CHEMBL3350934	C=CC1([C@H](N)C(=O)N2[C@H](C#N)C[C@@H]3C[C@@H]32)CCCCC1	8e	16033281	In vitro inhibition constant against human Dipeptidyl peptidase IV	Ki	=	1.4	nM		
CHEMBL3350927	C=CC1([C@H](N)C(=O)N2[C@H](C#N)C[C@@H]3C[C@@H]32)CCCCCC1	8f	16033281	In vitro inhibition constant against human Dipeptidyl peptidase IV	Ki	=	10.0	nM		
CHEMBL3350928	C=CC1([C@H](N)C(=O)N2[C@H](C#N)C[C@@H]3C[C@@H]32)CCOCC1	8g	16033281	In vitro inhibition constant against human Dipeptidyl peptidase IV	Ki	=	10.0	nM		
CHEMBL319514	C[C@H](N)C(=O)N1CCC[C@H]1C#N	2	12270155	Inhibition of Dipeptidyl Peptidase IV	Ki	=	200.0	nM		
CHEMBL97483	C[C@H](N)C(=S)N1CCCC1	3a	12270155	Inhibition of Dipeptidyl Peptidase IV	Ki	=	47600.0	nM		
CHEMBL67279	CC(C)[C@H](N)C(=O)N1CCC[C@H]1B(O)O	1	12270155	Inhibition of Dipeptidyl Peptidase IV	Ki	=	2.0	nM		
CHEMBL503274	CC[C@H](C)[C@H](N)C(=O)N1CCCC1	4a	12270155	Inhibition of Dipeptidyl Peptidase IV	Ki	=	218.0	nM		
CHEMBL318401	C[C@H](N)C(=S)N1CCSC1	3b	12270155	Inhibition of Dipeptidyl Peptidase IV	Ki	=	7880.0	nM		
CHEMBL98408	CC[C@H](C)[C@H](N)C(=O)N1CCSC1	4b	12270155	Inhibition of Dipeptidyl Peptidase IV	Ki	=	126.0	nM		
CHEMBL3350920	CCC(C)(C)[C@H](N)C(=O)N1[C@H](C#N)C[C@@H]2C[C@@H]21	10a	16033281	In vitro inhibition constant against human Dipeptidyl peptidase IV	Ki	=	7.1	nM		
CHEMBL77538	N#Cc1ccc(NCCNCC(=O)N2CCC[C@H]2C#N)nc1	1	16236500	Inhibition of human DPP4	Ki	=	27.0	nM		
CHEMBL3350921	CCC(CC)(CC)[C@H](N)C(=O)N1[C@H](C#N)C[C@@H]2C[C@@H]21	10b	16033281	In vitro inhibition constant against human Dipeptidyl peptidase IV	Ki	=	31.0	nM		
CHEMBL3350924	CCC1([C@H](N)C(=O)N2[C@H](C#N)C[C@@H]3C[C@@H]32)CCCC1	10d	16033281	In vitro inhibition constant against human Dipeptidyl peptidase IV	Ki	=	5.5	nM		
CHEMBL3350925	CCC1([C@H](N)C(=O)N2[C@H](C#N)C[C@@H]3C[C@@H]32)CCOCC1	10g	16033281	In vitro inhibition constant against human Dipeptidyl peptidase IV	Ki	=	21.0	nM		
CHEMBL3350931	N#C[C@@H]1C[C@@H]2C[C@@H]2N1C(=O)[C@@H](N)C1(CO)CCC1	16c	16033281	In vitro inhibition constant against human Dipeptidyl peptidase IV	Ki	=	42.0	nM		
CHEMBL3350933	N#C[C@@H]1C[C@@H]2C[C@@H]2N1C(=O)[C@@H](N)C1(CO)CCCC1	16d	16033281	In vitro inhibition constant against human Dipeptidyl peptidase IV	Ki	=	7.4	nM		
CHEMBL3350926	N#C[C@@H]1C[C@@H]2C[C@@H]2N1C(=O)[C@@H](N)C1(CO)CCCCC1	16e	16033281	In vitro inhibition constant against human Dipeptidyl peptidase IV	Ki	=	8.0	nM		
CHEMBL3350929	N#C[C@@H]1C[C@@H]2C[C@@H]2N1C(=O)[C@@H](N)C1(C(O)CO)CCCC1	18d	16033281	In vitro inhibition constant against human Dipeptidyl peptidase IV	Ki	=	143.0	nM		
CHEMBL3350935	N#C[C@@H]1C[C@@H]2C[C@@H]2N1C(=O)[C@@H](N)C12CC3CC(CC(C3)C1)C2	23	16033281	In vitro inhibition constant against human Dipeptidyl peptidase IV	Ki	=	0.9	nM		
CHEMBL385517	N#C[C@@H]1C[C@@H]2C[C@@H]2N1C(=O)[C@@H](N)C12CC3CC(CC(O)(C3)C1)C2	26	16033281	In vitro inhibition constant against human Dipeptidyl peptidase IV	Ki	=	0.6	nM		
CHEMBL3350936	N#C[C@@H]1C[C@@H]2C[C@@H]2N1C(=O)[C@@H](N)C12CC3CC(O)(CC(O)(C3)C1)C2	28	16033281	In vitro inhibition constant against human Dipeptidyl peptidase IV	Ki	=	2.1	nM		
CHEMBL3350937	N#C[C@@H]1C[C@@H]2C[C@@H]2N1C(=O)[C@@H](N)C12CC3CC(CC(F)(C3)C1)C2	30	16033281	In vitro inhibition constant against human Dipeptidyl peptidase IV	Ki	=	1.8	nM		
CHEMBL196179	N[C@H](C(=O)N1CC(F)C(F)C1)C1CCCCC1	6c (cis)	16115768	Inhibitory constant against Dipeptidylpeptidase IV calculated from IC50 from standard dose inhibition curve using cheng-Prussoff equation; range=61+/-7 nM	Ki	=	61.0	nM		
CHEMBL278393	N[C@H](C(=O)N1CCCC1)C1CCCCC1	7	16115768	Inhibitory constant against Dipeptidylpeptidase IV activity	Ki	=	121.0	nM		
CHEMBL23981	N[C@H](C(=O)N1CC[C@@H](F)C1)C1CCCCC1	3r	16115768	Inhibitory constant against Dipeptidylpeptidase IV activity	Ki	=	128.0	nM		
CHEMBL22511	N[C@H](C(=O)N1CC[C@H](F)C1)C1CCCCC1	3s	16115768	Inhibitory constant against Dipeptidylpeptidase IV activity	Ki	=	56.0	nM		
CHEMBL280658	N[C@H](C(=O)N1CCC(F)(F)C1)C1CCCCC1	4	16115768	Inhibitory constant against Dipeptidylpeptidase IV activity	Ki	=	28.0	nM		
CHEMBL382531	N[C@H](C(=O)N1C[C@@H](F)[C@H](F)C1)C1CCCCC1	6r	16115768	Inhibitory constant against Dipeptidylpeptidase IV activity	Ki	=	504.0	nM		
CHEMBL372115	N[C@H](C(=O)N1C[C@H](F)[C@@H](F)C1)C1CCCCC1	6s	16115768	Inhibitory constant against Dipeptidylpeptidase IV activity	Ki	=	1267.0	nM		
CHEMBL196545	N[C@H](C(=O)N1C(F)C(F)C(F)C1F)C1CCCCC1	5	16115768	Inhibitory constant against Dipeptidylpeptidase IV activity	Ki	=	81.0	nM		
CHEMBL194258	N[C@H](C(=O)N1CCC1)C1CCCCC1	8	16115768	Inhibitory constant against Dipeptidylpeptidase IV activity	Ki	=	3350.0	nM		
CHEMBL366250	N[C@H](C(=O)N1CC(F)C1)C1CCCCC1	9	16115768	Inhibitory constant against Dipeptidylpeptidase IV activity	Ki	=	109.0	nM		
CHEMBL365560	N[C@H](C(=O)N1CC(F)(F)C1)C1CCCCC1	10	16115768	Inhibitory constant against Dipeptidylpeptidase IV activity	Ki	=	117.0	nM		
CHEMBL199840	CC(C)([C@H](N)C(=O)N1C[C@@H](F)C[C@H]1C#N)S(=O)(=O)Cc1ccccc1	11	16168640	Inhibitory activity against human DPP4	Ki	=	324.0	nM		
CHEMBL371296	COc1ccc(CS(=O)(=O)C(C)(C)[C@H](N)C(=O)N2CCC[C@H]2C#N)cc1	40	16168640	Inhibitory activity against human DPP4	Ki	=	115.0	nM		
CHEMBL199633	CC(C)([C@H](N)C(=O)N1C[C@@H](F)C[C@H]1C#N)S(=O)(=O)CCCc1ccccc1	39	16168640	Inhibitory activity against human DPP4	Ki	=	302.0	nM		
CHEMBL199502	CC(C)(SCCCc1ccc(F)cc1)[C@H](N)C(=O)N1C[C@@H](F)C[C@H]1C#N	38	16168640	Inhibitory activity against human DPP4	Ki	=	45.0	nM		
CHEMBL199297	N[C@@H](Cc1ccc2ccccc2c1)C(=O)N1CCSC1	24	16236500	Inhibition of human DPP4	Ki	=	8900.0	nM		
CHEMBL198190	CC(C)(SCCCc1ccccc1)[C@H](N)C(=O)N1C[C@@H](F)C[C@H]1C#N	37	16168640	Inhibitory activity against human DPP4	Ki	=	24.0	nM		
CHEMBL198031	CC(C)(SCCc1ccccc1)[C@H](N)C(=O)N1C[C@@H](F)C[C@H]1C#N	36	16168640	Inhibitory activity against human DPP4	Ki	=	56.0	nM		
CHEMBL380785	CC(C)(SCc1cccc(Oc2ccccc2)c1)[C@H](N)C(=O)N1C[C@@H](F)C[C@H]1C#N	34	16168640	Inhibitory activity against human DPP4	Ki	=	65.0	nM		
CHEMBL199787	N[C@@H](Cc1ccc(-c2ccc(F)cc2F)cc1)C(=O)N1CCSC1	23	16236500	Inhibition of human DPP4	Ki	=	96.0	nM		
CHEMBL427193	CC(=O)NCSC(C)(C)[C@H](N)C(=O)N1C[C@@H](F)C[C@H]1C#N	33	16168640	Inhibitory activity against human DPP4	Ki	=	46.0	nM		
CHEMBL426106	CC(C)(SCc1ccc(C(F)(F)F)cc1)[C@H](N)C(=O)N1C[C@@H](F)C[C@H]1C#N	32	16168640	Inhibitory activity against human DPP4	Ki	=	63.0	nM		
CHEMBL371757	N[C@@H](Cc1ccc(-c2ccc(F)cc2)cc1)C(=O)N1CCSC1	22	16236500	Inhibition of human DPP4	Ki	=	170.0	nM		
CHEMBL199744	COc1ccc(C[S+]([O-])C(C)(C)[C@H](N)C(=O)N2C[C@@H](F)C[C@H]2C#N)cc1	31	16168640	Inhibitory activity against human DPP4	Ki	=	112.0	nM		
CHEMBL199735	N#Cc1ccc(-c2ccc(C[C@H](N)C(=O)N3CCSC3)cc2)cc1	21	16236500	Inhibition of human DPP4	Ki	=	160.0	nM		
CHEMBL199315	N[C@@H](Cc1ccc(-c2cccc(C(=O)O)c2)cc1)C(=O)N1CCSC1	20	16236500	Inhibition of human DPP4	Ki	=	166.0	nM		
CHEMBL440569	COc1ccc(CSC(C)(C)[C@H](N)C(=O)N2C[C@@H](F)C[C@H]2C#N)cc1	30	16168640	Inhibitory activity against human DPP4	Ki	=	29.0	nM		
CHEMBL199734	CC(C)(SCc1cccnc1)[C@H](N)C(=O)N1C[C@@H](F)C[C@H]1C#N	29	16168640	Inhibitory activity against human DPP4	Ki	=	18.0	nM		
CHEMBL199630	N[C@@H](Cc1ccc(-c2ccc(C(=O)O)cc2)cc1)C(=O)N1CCSC1	19	16236500	Inhibition of human DPP4	Ki	=	310.0	nM		
CHEMBL200119	N[C@@H](Cc1ccc(-c2ccccn2)cc1)C(=O)N1CCSC1	18	16236500	Inhibition of human DPP4	Ki	=	360.0	nM		
CHEMBL372110	CC(C)(SCc1ccccn1)[C@H](N)C(=O)N1C[C@@H](F)C[C@H]1C#N	28	16168640	Inhibitory activity against human DPP4	Ki	=	12.0	nM		
CHEMBL200186	CC(C)(SCc1ccncc1)[C@H](N)C(=O)N1C[C@@H](F)C[C@H]1C#N	27	16168640	Inhibitory activity against human DPP4	Ki	=	33.0	nM		
CHEMBL381420	N[C@@H](Cc1ccc(I)cc1)C(=O)N1CCSC1	17	16236500	Inhibition of human DPP4	Ki	=	980.0	nM		
CHEMBL199379	CC(C)([C@H](N)C(=O)N1C[C@@H](F)C[C@H]1C#N)S(=O)(=O)Cc1csc2ccc(Cl)cc12	26	16168640	Inhibitory activity against human DPP4	Ki	=	40.0	nM		
CHEMBL199891	CC(C)([C@H](N)C(=O)N1C[C@@H](F)C[C@H]1C#N)S(=O)(=O)O	25	16168640	Inhibitory activity against human DPP4	Ki	=	154.0	nM		
CHEMBL199790	N[C@@H](Cc1ccc(-c2ccccc2)cc1)C(=O)N1CCCC1	13	16236500	Inhibition of human DPP4	Ki	=	1160.0	nM		
CHEMBL199562	CC(C)([C@H](N)C(=O)N1C[C@@H](F)C[C@H]1C#N)S(=O)(=O)Cc1ccncc1	23	16168640	Inhibitory activity against human DPP4	Ki	=	1278.0	nM		
CHEMBL199437	N[C@@H](Cc1ccc(-c2ccccc2)cc1)C(=O)N1CCSC1	12	16236500	Inhibition of human DPP4	Ki	=	360.0	nM		
CHEMBL201053	CC(=O)Nc1ccc(CS(=O)(=O)C(C)(C)[C@H](N)C(=O)N2C[C@@H](F)C[C@H]2C#N)cc1	22	16168640	Inhibitory activity against human DPP4	Ki	=	225.0	nM		
CHEMBL380783	N#C[C@@H]1CCCN1C(=O)[C@@H](N)Cc1ccc(-c2ccco2)cc1	11	16236500	Inhibition of human DPP4	Ki	=	36.0	nM		
CHEMBL369977	COc1ccccc1CS(=O)(=O)C(C)(C)[C@H](N)C(=O)N1C[C@@H](F)C[C@H]1C#N	21	16168640	Inhibitory activity against human DPP4	Ki	=	309.0	nM		
CHEMBL199377	COc1cccc(CS(=O)(=O)C(C)(C)[C@H](N)C(=O)N2C[C@@H](F)C[C@H]2C#N)c1	20	16168640	Inhibitory activity against human DPP4	Ki	=	316.0	nM		
CHEMBL199905	N#C[C@@H]1CCCN1C(=O)[C@@H](N)Cc1ccc(-c2ccc(F)cc2F)cc1	10	16236500	Inhibition of human DPP4	Ki	=	2.2	nM		
CHEMBL372342	COc1ccc(CS(=O)(=O)C(C)(C)[C@H](N)C(=O)N2C[C@@H](F)C[C@H]2C#N)cc1	19	16168640	Inhibitory activity against human DPP4	Ki	=	53.0	nM		
CHEMBL199615	N#C[C@@H]1CCCN1C(=O)[C@@H](N)Cc1ccc(-c2ccccc2F)cc1	9	16236500	Inhibition of human DPP4	Ki	=	5.3	nM		
CHEMBL370340	CC(C)([C@H](N)C(=O)N1C[C@@H](F)C[C@H]1C#N)S(=O)(=O)Cc1ccc(S(C)(=O)=O)cc1	18	16168640	Inhibitory activity against human DPP4	Ki	=	76.0	nM		
CHEMBL199614	N#C[C@@H]1CCCN1C(=O)[C@@H](N)Cc1ccc(-c2ccc(F)cc2)cc1	8	16236500	Inhibition of human DPP4	Ki	=	3.1	nM		
CHEMBL369950	CC(C)([C@H](N)C(=O)N1C[C@@H](F)C[C@H]1C#N)S(=O)(=O)Cc1cccc(Oc2ccccc2)c1	17	16168640	Inhibitory activity against human DPP4	Ki	=	310.0	nM		
CHEMBL199922	COc1ccc(-c2ccc(C[C@H](N)C(=O)N3CCC[C@H]3C#N)cc2)cc1OC	7	16236500	Inhibition of human DPP4	Ki	=	26.0	nM		
CHEMBL383573	CC(C)([C@H](N)C(=O)N1C[C@@H](F)C[C@H]1C#N)S(=O)(=O)Cc1ccc(OCc2ccccc2)cc1	16	16168640	Inhibitory activity against human DPP4	Ki	=	428.0	nM		
CHEMBL199450	CC(C)([C@H](N)C(=O)N1C[C@@H](F)C[C@H]1C#N)S(=O)(=O)Cc1ccc(-c2ccccc2)cc1	15	16168640	Inhibitory activity against human DPP4	Ki	=	579.0	nM		
CHEMBL199568	Cc1ccc(-c2ccc(C[C@H](N)C(=O)N3CCC[C@H]3C#N)cc2)cc1	6	16236500	Inhibition of human DPP4	Ki	=	20.0	nM		
CHEMBL369952	Cc1ccc(CS(=O)(=O)C(C)(C)[C@H](N)C(=O)N2C[C@@H](F)C[C@H]2C#N)cc1	14	16168640	Inhibitory activity against human DPP4	Ki	=	530.0	nM		
CHEMBL200347	N#C[C@@H]1CCCN1C(=O)[C@@H](N)Cc1ccc(-c2ccccc2)cc1	5	16236500	Inhibition of human DPP4	Ki	=	13.0	nM		
CHEMBL202036	CC(C)([C@H](N)C(=O)N1C[C@@H](F)C[C@H]1C#N)S(=O)(=O)Cc1ccc(C#N)cc1	13	16168640	Inhibitory activity against human DPP4	Ki	=	68.0	nM		
CHEMBL382281	N#C[C@@H]1CCCN1C(=O)[C@@H](N)Cc1ccc(C(=O)O)cc1	4	16236500	Inhibition of human DPP4	Ki	=	470.0	nM		
CHEMBL202035	CC(C)([C@H](N)C(=O)N1C[C@@H](F)C[C@H]1C#N)S(=O)(=O)Cc1ccc(F)cc1	12	16168640	Inhibitory activity against human DPP4	Ki	=	281.0	nM		
CHEMBL199881	N#C[C@@H]1CCCN1C(=O)[C@@H](N)Cc1ccc(I)cc1	3	16236500	Inhibition of human DPP4	Ki	=	34.0	nM		
CHEMBL201268	N#C[C@@H]1CCCN1C(=O)[C@@H](N)Cc1ccccc1	2	16236500	Inhibition of human DPP4	Ki	=	63.0	nM		
CHEMBL205980	CC(C)[C@H](N)C(=O)N(C)CC#N	6	16376077	Inhibition of DPP4	Ki	=	260.0	nM		
CHEMBL378159	CN(CC#N)C(=O)[C@@H](N)C12CC3CC(O)(CC(O)(C3)C1)C2	28	16376077	Inhibition of DPP4	Ki	=	23.0	nM		
CHEMBL203618	CCN(CC#N)C(=O)[C@@H](N)C12CC3CC(CC(O)(C3)C1)C2	27	16376077	Inhibition of DPP4	Ki	=	3.0	nM		
CHEMBL206111	CN(CC#N)C(=O)[C@@H](N)C12CC3CC(CC(O)(C3)C1)C2	26	16376077	Inhibition of DPP4	Ki	=	18.0	nM		
CHEMBL383012	N#CCN(C(=O)[C@@H](N)C12CC3CC(CC(C3)C1)C2)C1CC1	24	16376077	Inhibition of DPP4	Ki	=	188.0	nM		
CHEMBL206077	C=CCN(CC#N)C(=O)[C@@H](N)C12CC3CC(CC(C3)C1)C2	23	16376077	Inhibition of DPP4	Ki	=	37.0	nM		
CHEMBL204458	CCCN(CC#N)C(=O)[C@@H](N)C12CC3CC(CC(C3)C1)C2	22	16376077	Inhibition of DPP4	Ki	=	673.0	nM		
CHEMBL206251	CCN(CC#N)C(=O)[C@@H](N)C12CC3CC(CC(C3)C1)C2	21	16376077	Inhibition of DPP4	Ki	=	27.0	nM		
CHEMBL206434	CN(CC#N)C(=O)[C@@H](N)C12CC3CC(CC(C3)C1)C2	20	16376077	Inhibition of DPP4	Ki	=	74.0	nM		
CHEMBL377944	C[C@@H](C#N)NC(=O)[C@@H](N)C12CC3CC(CC(C3)C1)C2	17	16376077	Inhibition of DPP4	Ki	=	399.0	nM		
CHEMBL381779	C[C@@H](C#N)NC(=O)[C@@H](N)C(C)(C)C	15	16376077	Inhibition of DPP4	Ki	=	4422.0	nM		
CHEMBL203134	C[C@@H](C#N)N(C)C(=O)[C@@H](N)C(C)(C)C	13	16376077	Inhibition of DPP4	Ki	=	513.0	nM		
CHEMBL382666	CC(C)(C)[C@H](N)C(=O)N(CC#N)C1CCC1	12	16376077	Inhibition of DPP4	Ki	=	140.0	nM		
CHEMBL203634	CC(C)(C)[C@H](N)C(=O)N(CC#N)C1CC1	11	16376077	Inhibition of DPP4	Ki	=	1311.0	nM		
CHEMBL206184	C=CCN(CC#N)C(=O)[C@@H](N)C(C)(C)C	10	16376077	Inhibition of DPP4	Ki	=	212.0	nM		
CHEMBL380348	CCN(CC#N)C(=O)[C@@H](N)C(C)(C)C	8	16376077	Inhibition of DPP4	Ki	=	182.0	nM		
CHEMBL205253	CN(CC#N)C(=O)[C@@H](N)C(C)(C)C	7	16376077	Inhibition of DPP4	Ki	=	507.0	nM		
CHEMBL380350	N#C[C@@H]1CCCN1C(=O)[C@@H]1CC[C@H](COc2cc(NC(=O)c3cc[nH]n3)ccc2Cl)N1	21as	16759095	Inhibition of human recombinant DPP4	Ki	=	0.66	nM		
CHEMBL377689	N#C[C@@H]1CCCN1C(=O)[C@@H]1CC[C@H](COc2ccc(NS(=O)(=O)c3ccccc3)cc2Br)N1	21ar	16759095	Inhibition of human recombinant DPP4	Ki	=	0.73	nM		
CHEMBL379997	N#C[C@@H]1CCCN1C(=O)[C@@H]1CC[C@H](COc2cc([N+](=O)[O-])c(Cl)cc2Cl)N1	21aq	16759095	Inhibition of human recombinant DPP4	Ki	=	0.63	nM		
CHEMBL380090	N#C[C@@H]1CCCN1C(=O)[C@@H]1CC[C@H](COc2ccc(C(=O)O)c3ccccc23)N1	21ap	16759095	Inhibition of human recombinant DPP4	Ki	=	1.5	nM		
CHEMBL207068	N#C[C@@H]1CCCN1C(=O)[C@@H]1CC[C@H](COc2cc(Br)c3c(c2)OCO3)N1	21ao	16759095	Inhibition of human recombinant DPP4	Ki	=	0.41	nM		
CHEMBL382899	CS(=O)(=O)c1ccc(OC[C@H]2CC[C@@H](C(=O)N3CCC[C@H]3C#N)N2)c(Br)c1	21an	16759095	Inhibition of human recombinant DPP4	Ki	=	0.68	nM		
CHEMBL210805	CS(=O)(=O)c1ccc(OC[C@H]2CC[C@@H](C(=O)N3CCC[C@H]3C#N)N2)c(Cl)c1	21am	16759095	Inhibition of human recombinant DPP4	Ki	=	1.4	nM		
CHEMBL382700	N#C[C@@H]1CCCN1C(=O)[C@@H]1CC[C@H](COc2cc(C(=O)O)c[n+]([O-])c2Cl)N1	21al	16759095	Inhibition of human recombinant DPP4	Ki	=	1.1	nM		
CHEMBL377296	N#C[C@@H]1CCCN1C(=O)[C@@H]1CC[C@H](COc2cc(C(=O)O)cnc2Cl)N1	21ak	16759095	Inhibition of human recombinant DPP4	Ki	=	0.68	nM		
CHEMBL379725	N#C[C@@H]1CCCN1C(=O)[C@@H]1CC[C@H](COc2ncc(C(=O)O)cc2Cl)N1	21aj	16759095	Inhibition of human recombinant DPP4	Ki	=	0.45	nM		
CHEMBL377151	N#C[C@@H]1CCCN1C(=O)[C@@H]1CC[C@H](COc2cc(C(=O)O)ccc2Br)N1	21ai	16759095	Inhibition of human recombinant DPP4	Ki	=	1.0	nM		
CHEMBL384445	N#C[C@@H]1CCCN1C(=O)[C@@H]1CC[C@H](COc2ccc(C(=O)O)cc2Br)N1	21ah	16759095	Inhibition of human recombinant DPP4	Ki	=	0.66	nM		
CHEMBL378867	N#C[C@@H]1CCCN1C(=O)[C@@H]1CC[C@H](COc2cc(C(=O)O)ccc2Cl)N1	21ag	16759095	Inhibition of human recombinant DPP4	Ki	=	0.82	nM		
CHEMBL382003	CC(C)(C)c1cc(C(=O)O)ccc1OC[C@H]1CC[C@@H](C(=O)N2CCC[C@H]2C#N)N1	21ac	16759095	Inhibition of human recombinant DPP4	Ki	=	3.8	nM		
CHEMBL436744	CC(C)c1cc(C(=O)O)ccc1OC[C@H]1CC[C@@H](C(=O)N2CCC[C@H]2C#N)N1	21ad	16759095	Inhibition of human recombinant DPP4	Ki	=	2.0	nM		
CHEMBL208751	COc1cc(C(=O)O)ccc1OC[C@H]1CC[C@@H](C(=O)N2CCC[C@H]2C#N)N1	21af	16759095	Inhibition of human recombinant DPP4	Ki	=	1.6	nM		
CHEMBL379999	N#C[C@@H]1CCCN1C(=O)[C@@H]1CC[C@H](COc2ccc(C(=O)O)cc2Cl)N1	21ae	16759095	Inhibition of human recombinant DPP4	Ki	=	0.93	nM		
CHEMBL210275	CC(C)(C)c1ccccc1OC[C@H]1CC[C@@H](C(=O)N2CCC[C@H]2C#N)N1	21aa	16759095	Inhibition of human recombinant DPP4	Ki	=	8.9	nM		
CHEMBL210848	N#C[C@@H]1CCCN1C(=O)[C@@H]1CC[C@H](COc2ccc3c(c2)CCCC3)N1	21q	16759095	Inhibition of human recombinant DPP4	Ki	=	2900.0	nM		
CHEMBL379812	N#C[C@@H]1CCCN1C(=O)[C@@H]1CC[C@H](COc2ccc3ccccc3c2)N1	21p	16759095	Inhibition of human recombinant DPP4	Ki	=	2.5	nM		
CHEMBL379368	N#C[C@@H]1CCCN1C(=O)[C@@H]1CC[C@H](COc2ccc3c(c2)OCO3)N1	21o	16759095	Inhibition of human recombinant DPP4	Ki	=	2.7	nM		
CHEMBL378010	N#C[C@@H]1CCCN1C(=O)[C@@H]1CC[C@H](COc2cccnc2Cl)N1	21n	16759095	Inhibition of human recombinant DPP4	Ki	=	0.72	nM		
CHEMBL210867	N#C[C@@H]1CCCN1C(=O)[C@@H]1CC[C@H](COc2ccc(Cl)cc2C(=O)O)N1	21m	16759095	Inhibition of human recombinant DPP4	Ki	=	10.0	nM		
CHEMBL209941	N#C[C@@H]1CCCN1C(=O)[C@@H]1CC[C@H](COc2ccc(Cl)cc2Cl)N1	21l	16759095	Inhibition of human recombinant DPP4	Ki	=	1.6	nM		
CHEMBL209940	N#Cc1ccc(OC[C@H]2CC[C@@H](C(=O)N3CCC[C@H]3C#N)N2)c(Cl)c1	21k	16759095	Inhibition of human recombinant DPP4	Ki	=	0.6	nM		
CHEMBL210691	N#C[C@@H]1CCCN1C(=O)[C@@H]1CC[C@H](COc2c(Cl)cccc2Cl)N1	21j	16759095	Inhibition of human recombinant DPP4	Ki	=	76.0	nM		
CHEMBL377390	N#C[C@@H]1CCCN1C(=O)[C@@H]1CC[C@H](COc2ccccc2Cl)N1	21i	16759095	Inhibition of human recombinant DPP4	Ki	=	0.85	nM		
CHEMBL382167	Cc1ccccc1OC[C@H]1CC[C@@H](C(=O)N2CCC[C@H]2C#N)N1	21h	16759095	Inhibition of human recombinant DPP4	Ki	=	3.5	nM		
CHEMBL207650	N#Cc1ccc(OC[C@H]2CC[C@@H](C(=O)N3CCC[C@H]3C#N)N2)cc1	21g	16759095	Inhibition of human recombinant DPP4	Ki	=	4.4	nM		
CHEMBL377146	COc1ccc(OC[C@H]2CC[C@@H](C(=O)N3CCC[C@H]3C#N)N2)cc1	21f	16759095	Inhibition of human recombinant DPP4	Ki	=	11.0	nM		
CHEMBL380894	Cc1ccc(OC[C@H]2CC[C@@H](C(=O)N3CCC[C@H]3C#N)N2)cc1	21e	16759095	Inhibition of human recombinant DPP4	Ki	=	7.2	nM		
CHEMBL379340	N#C[C@@H]1CCCN1C(=O)[C@@H]1CC[C@H](COCc2ccccc2)N1	21d	16759095	Inhibition of human recombinant DPP4	Ki	=	30.0	nM		
CHEMBL379144	N#C[C@@H]1CCCN1C(=O)[C@@H]1CC[C@@H](COc2ccc(Br)cc2)N1	21c	16759095	Inhibition of human recombinant DPP4	Ki	=	54.0	nM		
CHEMBL380707	N#C[C@@H]1CCCN1C(=O)[C@@H]1CC[C@H](COc2ccc(Br)cc2)N1	21b	16759095	Inhibition of human recombinant DPP4	Ki	=	4.6	nM		
CHEMBL206573	N#C[C@@H]1CCCN1C(=O)[C@@H]1CC[C@H](COc2ccccc2)N1	21a	16759095	Inhibition of human recombinant DPP4	Ki	=	6.8	nM		
CHEMBL209405	N#C[C@@H]1CCCN1C(=O)[C@@H]1CC[C@H](CN2CCOCC2)N1	19d	16759095	Inhibition of human recombinant DPP4	Ki	=	1610.0	nM		
CHEMBL210407	CN(C[C@H]1CC[C@@H](C(=O)N2CCC[C@H]2C#N)N1)c1ccccc1	19c	16759095	Inhibition of human recombinant DPP4	Ki	=	49.0	nM		
CHEMBL210305	N#C[C@@H]1CCCN1C(=O)[C@@H]1CC[C@H](CNc2ccc(Br)cc2)N1	19b	16759095	Inhibition of human recombinant DPP4	Ki	=	8.9	nM		
CHEMBL379294	N#C[C@@H]1CCCN1C(=O)[C@@H]1CC[C@H](CNc2ccccc2)N1	19a	16759095	Inhibition of human recombinant DPP4	Ki	=	12.0	nM		
CHEMBL208855	N#C[C@@H]1CCCN1C(=O)[C@@H]1CC[C@H](CNS(=O)(=O)c2ccccc2)N1	25	16759095	Inhibition of human recombinant DPP4	Ki	=	44.0	nM		
CHEMBL210193	COC(=O)c1ccc(NC(=O)NC[C@H]2CC[C@@H](C(=O)N3CCC[C@H]3C#N)N2)cc1	24b	16759095	Inhibition of human recombinant DPP4	Ki	=	6.7	nM		
CHEMBL210278	N#C[C@@H]1CCCN1C(=O)[C@@H]1CC[C@H](CNC(=O)Nc2ccccc2)N1	24a	16759095	Inhibition of human recombinant DPP4	Ki	=	15.0	nM		
CHEMBL437884	N#C[C@@H]1CCCN1C(=O)[C@@H]1CC[C@H](CNC(=O)c2ccccc2)N1	23	16759095	Inhibition of human recombinant DPP4	Ki	=	20.0	nM		
CHEMBL208469	N#C[C@@H]1CCCN1C(=O)[C@@H]1CC[C@H](C(=O)Nc2ccc(Br)cc2)N1	18b	16759095	Inhibition of human recombinant DPP4	Ki	=	1310.0	nM		
CHEMBL380309	N#C[C@@H]1CCCN1C(=O)[C@@H]1CC[C@H](C(=O)Nc2ccccc2)N1	18a	16759095	Inhibition of human recombinant DPP4	Ki	=	1280.0	nM		
CHEMBL210844	N#C[C@@H]1CCCN1C(=O)[C@@H]1CC[C@H](c2ccccc2)N1	10j	16759095	Inhibition of human recombinant DPP4	Ki	=	720.0	nM		
CHEMBL377158	CC(C)[C@H]1CC[C@@H](C(=O)N2CCC[C@H]2C#N)N1	10i	16759095	Inhibition of human recombinant DPP4	Ki	=	317.0	nM		
CHEMBL98869	N[C@@H](CCNCc1ccc(Cl)cc1)C(=O)N1CCCCC1	UAMC-00039	16844373	Inhibition of DPP4	Ki	=	0.082	nM		
CHEMBL210665	N#C[C@@H]1CCCN1C(=O)[C@@H]1CC[C@@H](CO)N1	10h	16759095	Inhibition of human recombinant DPP4	Ki	=	867.0	nM		
CHEMBL376947	N#C[C@@H]1CCCN1C(=O)[C@@H]1CC[C@H](CO)N1	10g	16759095	Inhibition of human recombinant DPP4	Ki	=	764.0	nM		
CHEMBL210485	C=C[C@@H]1CC[C@@H](C(=O)N2CCC[C@H]2C#N)N1	10f	16759095	Inhibition of human recombinant DPP4	Ki	=	143.0	nM		
CHEMBL209518	C=C[C@H]1CC[C@@H](C(=O)N2CCC[C@H]2C#N)N1	10e	16759095	Inhibition of human recombinant DPP4	Ki	=	21.0	nM		
CHEMBL210364	CC[C@@H]1CC[C@@H](C(=O)N2CCC[C@H]2C#N)N1	10d	16759095	Inhibition of human recombinant DPP4	Ki	=	103.0	nM		
CHEMBL208968	CC[C@H]1CC[C@@H](C(=O)N2CCC[C@H]2C#N)N1	10c	16759095	Inhibition of human recombinant DPP4	Ki	=	33.0	nM		
CHEMBL210869	C[C@H]1CC[C@@H](C(=O)N2CCC[C@H]2C#N)N1	10b	16759095	Inhibition of human recombinant DPP4	Ki	=	8.3	nM		
CHEMBL380350	N#C[C@@H]1CCCN1C(=O)[C@@H]1CC[C@H](COc2cc(NC(=O)c3cc[nH]n3)ccc2Cl)N1	21as	16759095	Inhibition of human recombinant DPP4 by tight-binding assay	Ki	=	0.27	nM		
CHEMBL377689	N#C[C@@H]1CCCN1C(=O)[C@@H]1CC[C@H](COc2ccc(NS(=O)(=O)c3ccccc3)cc2Br)N1	21ar	16759095	Inhibition of human recombinant DPP4 by tight-binding assay	Ki	=	0.59	nM		
CHEMBL379997	N#C[C@@H]1CCCN1C(=O)[C@@H]1CC[C@H](COc2cc([N+](=O)[O-])c(Cl)cc2Cl)N1	21aq	16759095	Inhibition of human recombinant DPP4 by tight-binding assay	Ki	=	0.35	nM		
CHEMBL380090	N#C[C@@H]1CCCN1C(=O)[C@@H]1CC[C@H](COc2ccc(C(=O)O)c3ccccc23)N1	21ap	16759095	Inhibition of human recombinant DPP4 by tight-binding assay	Ki	=	0.96	nM		
CHEMBL207068	N#C[C@@H]1CCCN1C(=O)[C@@H]1CC[C@H](COc2cc(Br)c3c(c2)OCO3)N1	21ao	16759095	Inhibition of human recombinant DPP4 by tight-binding assay	Ki	=	0.6	nM		
CHEMBL382899	CS(=O)(=O)c1ccc(OC[C@H]2CC[C@@H](C(=O)N3CCC[C@H]3C#N)N2)c(Br)c1	21an	16759095	Inhibition of human recombinant DPP4 by tight-binding assay	Ki	=	0.62	nM		
CHEMBL210805	CS(=O)(=O)c1ccc(OC[C@H]2CC[C@@H](C(=O)N3CCC[C@H]3C#N)N2)c(Cl)c1	21am	16759095	Inhibition of human recombinant DPP4 by tight-binding assay	Ki	=	0.83	nM		
CHEMBL382700	N#C[C@@H]1CCCN1C(=O)[C@@H]1CC[C@H](COc2cc(C(=O)O)c[n+]([O-])c2Cl)N1	21al	16759095	Inhibition of human recombinant DPP4 by tight-binding assay	Ki	=	1.1	nM		
CHEMBL377296	N#C[C@@H]1CCCN1C(=O)[C@@H]1CC[C@H](COc2cc(C(=O)O)cnc2Cl)N1	21ak	16759095	Inhibition of human recombinant DPP4 by tight-binding assay	Ki	=	0.48	nM		
CHEMBL379725	N#C[C@@H]1CCCN1C(=O)[C@@H]1CC[C@H](COc2ncc(C(=O)O)cc2Cl)N1	21aj	16759095	Inhibition of human recombinant DPP4 by tight-binding assay	Ki	=	0.59	nM		
CHEMBL377151	N#C[C@@H]1CCCN1C(=O)[C@@H]1CC[C@H](COc2cc(C(=O)O)ccc2Br)N1	21ai	16759095	Inhibition of human recombinant DPP4 by tight-binding assay	Ki	=	0.62	nM		
CHEMBL384445	N#C[C@@H]1CCCN1C(=O)[C@@H]1CC[C@H](COc2ccc(C(=O)O)cc2Br)N1	21ah	16759095	Inhibition of human recombinant DPP4 by tight-binding assay	Ki	=	0.4	nM		
CHEMBL378867	N#C[C@@H]1CCCN1C(=O)[C@@H]1CC[C@H](COc2cc(C(=O)O)ccc2Cl)N1	21ag	16759095	Inhibition of human recombinant DPP4 by tight-binding assay	Ki	=	0.67	nM		
CHEMBL436744	CC(C)c1cc(C(=O)O)ccc1OC[C@H]1CC[C@@H](C(=O)N2CCC[C@H]2C#N)N1	21ad	16759095	Inhibition of human recombinant DPP4 by tight-binding assay	Ki	=	3.1	nM		
CHEMBL208751	COc1cc(C(=O)O)ccc1OC[C@H]1CC[C@@H](C(=O)N2CCC[C@H]2C#N)N1	21af	16759095	Inhibition of human recombinant DPP4 by tight-binding assay	Ki	=	2.4	nM		
CHEMBL94278	N#C[C@@H]1CCCN1C(=O)[C@@H](N)C1CCCC1	1	17034148	Inhibition of human DPP4 expressed in Caco-2 cells	Ki	=	1.0	nM		
CHEMBL217766	C#C[C@H]1CC[C@@H](C#N)N1C(=O)[C@@H](N)CC(C)C	14	17034148	Inhibition of human DPP4 expressed in Caco-2 cells	Ki	=	8.0	nM		
CHEMBL379999	N#C[C@@H]1CCCN1C(=O)[C@@H]1CC[C@H](COc2ccc(C(=O)O)cc2Cl)N1	21ae	16759095	Inhibition of human recombinant DPP4 by tight-binding assay	Ki	=	1.5	nM		
CHEMBL217032	CC(C)C[C@H](N)C(=O)N1[C@H](C)CC[C@H]1C#N	15	17034148	Inhibition of human DPP4 expressed in Caco-2 cells	Ki	=	49.0	nM		
CHEMBL217252	C#C[C@H]1CC[C@@H](C#N)N1C(=O)[C@@H](N)C1CCCC1	16	17034148	Inhibition of human DPP4 expressed in Caco-2 cells	Ki	=	8.0	nM		
CHEMBL380350	N#C[C@@H]1CCCN1C(=O)[C@@H]1CC[C@H](COc2cc(NC(=O)c3cc[nH]n3)ccc2Cl)N1	21as	16759095	Inhibition of human recombinant DPP4 by tight-binding assay in presence of 10% rat plasma	Ki	=	1.2	nM		
CHEMBL217001	C[C@@H]1CC[C@@H](C#N)N1C(=O)[C@@H](N)C1CCCC1	17	17034148	Inhibition of human DPP4 expressed in Caco-2 cells	Ki	=	97.0	nM		
CHEMBL385024	C=C[C@H]1CC[C@@H](C#N)N1C(=O)[C@@H](N)C1CCCC1	18	17034148	Inhibition of human DPP4 expressed in Caco-2 cells	Ki	=	3800.0	nM		
CHEMBL216578	N[C@H]1CC=CC[C@@H]1c1ccccc1Cl	6	17064063	Inhibition of human DPP4	Ki	=	820.0	nM		
CHEMBL387043	N[C@H]1CC(CN2CCC(C(=O)O)CC2)=CC[C@@H]1c1ccc(Cl)cc1Cl.O=C(O)C(F)(F)F	8	17064063	Inhibition of human DPP4	Ki	=	45.0	nM		
CHEMBL377689	N#C[C@@H]1CCCN1C(=O)[C@@H]1CC[C@H](COc2ccc(NS(=O)(=O)c3ccccc3)cc2Br)N1	21ar	16759095	Inhibition of human recombinant DPP4 by tight-binding assay in presence of 10% rat plasma	Ki	=	2.3	nM		
CHEMBL387232	CC#C[C@H]1CC[C@@H](C#N)N1C(=O)[C@@H](N)C1CCCC1	19	17034148	Inhibition of human DPP4 expressed in Caco-2 cells	Ki	=	24.0	nM		
CHEMBL386022	C#C[C@H]1CC[C@@H](C#N)N1C(=O)[C@@H](N)C1CCCCC1	20	17034148	Inhibition of human DPP4 expressed in Caco-2 cells	Ki	=	96.0	nM		
CHEMBL216622	N[C@H]1CC(CN2CCc3ccccc3C2)=CC[C@@H]1c1cc(F)c(F)c(F)c1.O=C(O)C(F)(F)F	14	17064063	Inhibition of human DPP4	Ki	=	12.0	nM		
CHEMBL379997	N#C[C@@H]1CCCN1C(=O)[C@@H]1CC[C@H](COc2cc([N+](=O)[O-])c(Cl)cc2Cl)N1	21aq	16759095	Inhibition of human recombinant DPP4 by tight-binding assay in presence of 10% rat plasma	Ki	=	1.4	nM		
CHEMBL380090	N#C[C@@H]1CCCN1C(=O)[C@@H]1CC[C@H](COc2ccc(C(=O)O)c3ccccc23)N1	21ap	16759095	Inhibition of human recombinant DPP4 by tight-binding assay in presence of 10% rat plasma	Ki	=	1.6	nM		
CHEMBL437341	N[C@H]1CC(C(=O)N2CCn3c(nnc3C(F)(F)F)C2)=CC[C@@H]1c1cc(F)c(F)c(F)c1.O=C(O)C(F)(F)F	25, ABT-341	17064063	Inhibition of human DPP4	Ki	=	1.3	nM		
CHEMBL217654	C#C[C@H]1CC[C@@H](C#N)N1C(=O)CNC1CCCC1	28	17034148	Inhibition of human DPP4 expressed in Caco-2 cells	Ki	=	22.0	nM		
CHEMBL207068	N#C[C@@H]1CCCN1C(=O)[C@@H]1CC[C@H](COc2cc(Br)c3c(c2)OCO3)N1	21ao	16759095	Inhibition of human recombinant DPP4 by tight-binding assay in presence of 10% rat plasma	Ki	=	2.4	nM		
CHEMBL217155	C#C[C@H]1CC[C@@H](C#N)N1C(=O)CNC1CCCCC1	29	17034148	Inhibition of human DPP4 expressed in Caco-2 cells	Ki	=	79.0	nM		
CHEMBL217358	NC(=O)c1cccc(NC(=O)C2=CC[C@H](c3cc(F)c(F)c(F)c3)[C@@H](N)C2)c1.O=C(O)C(F)(F)F	22	17064063	Inhibition of human DPP4	Ki	=	4.7	nM		
CHEMBL382899	CS(=O)(=O)c1ccc(OC[C@H]2CC[C@@H](C(=O)N3CCC[C@H]3C#N)N2)c(Br)c1	21an	16759095	Inhibition of human recombinant DPP4 by tight-binding assay in presence of 10% rat plasma	Ki	=	0.85	nM		
CHEMBL410514	NC(=O)c1cccc(OCC2=CC[C@H](c3cc(F)c(F)c(F)c3)[C@@H](N)C2)c1.O=C(O)C(F)(F)F	17	17064063	Inhibition of human DPP4	Ki	=	3.6	nM		
CHEMBL385247	C#C[C@H]1CC[C@@H](C#N)N1C(=O)CN[C@H]1CC[C@H](O)CC1	30	17034148	Inhibition of human DPP4 expressed in Caco-2 cells	Ki	=	90.0	nM		
CHEMBL217040	C#C[C@H]1CC[C@@H](C#N)N1C(=O)CN[C@H]1CC[C@H](Oc2ccc(C#N)cn2)CC1	31	17034148	Inhibition of human DPP4 expressed in Caco-2 cells	Ki	=	5.0	nM		
CHEMBL210805	CS(=O)(=O)c1ccc(OC[C@H]2CC[C@@H](C(=O)N3CCC[C@H]3C#N)N2)c(Cl)c1	21am	16759095	Inhibition of human recombinant DPP4 by tight-binding assay in presence of 10% rat plasma	Ki	=	0.87	nM		
CHEMBL274660	NC(=O)c1cccc(NCC2=CC[C@H](c3cc(F)c(F)c(F)c3)[C@@H](N)C2)c1.O=C(O)C(F)(F)F	19	17064063	Inhibition of human DPP4	Ki	=	6.0	nM		
CHEMBL382700	N#C[C@@H]1CCCN1C(=O)[C@@H]1CC[C@H](COc2cc(C(=O)O)c[n+]([O-])c2Cl)N1	21al	16759095	Inhibition of human recombinant DPP4 by tight-binding assay in presence of 10% rat plasma	Ki	=	0.98	nM		
CHEMBL437341	N[C@H]1CC(C(=O)N2CCn3c(nnc3C(F)(F)F)C2)=CC[C@@H]1c1cc(F)c(F)c(F)c1.O=C(O)C(F)(F)F	25, ABT-341	17064063	Inhibition of human DPP4 in presence of 10% human serum	Ki	=	1.6	nM		
CHEMBL385904	C#C[C@H]1CC[C@@H](C#N)N1C(=O)CNC(C)(C)C	32	17034148	Inhibition of human DPP4 expressed in Caco-2 cells	Ki	=	25.0	nM		
CHEMBL377296	N#C[C@@H]1CCCN1C(=O)[C@@H]1CC[C@H](COc2cc(C(=O)O)cnc2Cl)N1	21ak	16759095	Inhibition of human recombinant DPP4 by tight-binding assay in presence of 10% rat plasma	Ki	=	0.4	nM		
CHEMBL385483	C[C@H]1CC[C@@H](C#N)N1C(=O)CNC1CCCC1	33	17034148	Inhibition of human DPP4 expressed in Caco-2 cells	Ki	=	811.0	nM		
CHEMBL379725	N#C[C@@H]1CCCN1C(=O)[C@@H]1CC[C@H](COc2ncc(C(=O)O)cc2Cl)N1	21aj	16759095	Inhibition of human recombinant DPP4 by tight-binding assay in presence of 10% rat plasma	Ki	=	55.0	nM		
CHEMBL217138	CC#C[C@H]1CC[C@@H](C#N)N1C(=O)CNC1CCCC1	34	17034148	Inhibition of human DPP4 expressed in Caco-2 cells	Ki	=	959.0	nM		
CHEMBL377151	N#C[C@@H]1CCCN1C(=O)[C@@H]1CC[C@H](COc2cc(C(=O)O)ccc2Br)N1	21ai	16759095	Inhibition of human recombinant DPP4 by tight-binding assay in presence of 10% rat plasma	Ki	=	1.2	nM		
CHEMBL386654	C#C[C@H]1CC[C@@H](C#N)N1C(=O)CNC12CC3CC(CC(O)(C3)C1)C2	35	17034148	Inhibition of human DPP4 expressed in Caco-2 cells	Ki	=	62.0	nM		
CHEMBL384445	N#C[C@@H]1CCCN1C(=O)[C@@H]1CC[C@H](COc2ccc(C(=O)O)cc2Br)N1	21ah	16759095	Inhibition of human recombinant DPP4 by tight-binding assay in presence of 10% rat plasma	Ki	=	0.62	nM		
CHEMBL378867	N#C[C@@H]1CCCN1C(=O)[C@@H]1CC[C@H](COc2cc(C(=O)O)ccc2Cl)N1	21ag	16759095	Inhibition of human recombinant DPP4 by tight-binding assay in presence of 10% rat plasma	Ki	=	1.1	nM		
CHEMBL3085037	N#Cc1ccc(O[C@H]2CC[C@H](NCC(=O)N3CCC[C@H]3C#N)CC2)nc1	37	17034148	Inhibition of human DPP4 expressed in Caco-2 cells	Ki	=	4.0	nM		
CHEMBL436744	CC(C)c1cc(C(=O)O)ccc1OC[C@H]1CC[C@@H](C(=O)N2CCC[C@H]2C#N)N1	21ad	16759095	Inhibition of human recombinant DPP4 by tight-binding assay in presence of 10% rat plasma	Ki	=	3.7	nM		
CHEMBL208751	COc1cc(C(=O)O)ccc1OC[C@H]1CC[C@@H](C(=O)N2CCC[C@H]2C#N)N1	21af	16759095	Inhibition of human recombinant DPP4 by tight-binding assay in presence of 10% rat plasma	Ki	=	2.3	nM		
CHEMBL142703	N#C[C@@H]1CCCN1C(=O)CNC12CC3CC(CC(O)(C3)C1)C2	3	17034148	Inhibition of human DPP4 expressed in Caco-2 cells	Ki	=	4.0	nM		
CHEMBL379999	N#C[C@@H]1CCCN1C(=O)[C@@H]1CC[C@H](COc2ccc(C(=O)O)cc2Cl)N1	21ae	16759095	Inhibition of human recombinant DPP4 by tight-binding assay in presence of 10% rat plasma	Ki	=	1.4	nM		
CHEMBL217561	CC(=O)NCC(=O)N1CCC[C@H]1B(O)O	8	17174090	Inhibition constant against DPP-4	Ki	=	377.0	nM		
CHEMBL96937	CC(C)(C)NCC(=O)N1CCC[C@H]1C#N	38	17034148	Inhibition of human DPP4 expressed in Caco-2 cells	Ki	=	10.0	nM		
CHEMBL95089	N#C[C@@H]1CCCN1C(=O)CNC1CCCC1	39	17034148	Inhibition of human DPP4 expressed in Caco-2 cells	Ki	=	11.0	nM		
CHEMBL387297	C#C[C@H]1CC[C@@H](C#N)N1C(=O)CNC1(C)CCN(c2ccc(C#N)cn2)CC1	40	17034148	Inhibition of human DPP4 expressed in Caco-2 cells	Ki	=	3.0	nM		
CHEMBL216957	C#C[C@H]1CC[C@@H](C#N)N1C(=O)CNC1(C)CCN(c2ccc(C(=O)O)cn2)CC1	41	17034148	Inhibition of human DPP4 expressed in Caco-2 cells	Ki	=	1.3	nM		
CHEMBL386369	C#C[C@H]1CC[C@@H](C#N)N1C(=O)CNC1(C)CCN(c2cc(C(=O)O)ccn2)CC1	42, ABT-279	17034148	Inhibition of human DPP4 expressed in Caco-2 cells	Ki	=	1.0	nM		
CHEMBL217455	CC1(NCC(=O)N2CCC[C@H]2C#N)CCN(c2cc(C(=O)O)ccn2)CC1	des-42	17034148	Inhibition of human DPP4 expressed in Caco-2 cells	Ki	=	1.0	nM		
CHEMBL385517	N#C[C@@H]1C[C@@H]2C[C@@H]2N1C(=O)[C@@H](N)C12CC3CC(CC(O)(C3)C1)C2	4, BMS-477118	17034148	Inhibition of human DPP4 expressed in Caco-2 cells	Ki	=	0.6	nM		
CHEMBL1161916	Cn1c(=O)c2c(nc(N3CCCC(N)C3)n2Cc2ccccc2C#N)n(C)c1=O	6	17010607	Inhibition of h-DPPIV	Ki	=	2.0	nM		
CHEMBL216410	CC(C)C(=O)NCC(=O)N1CCC[C@H]1B(O)O	9	17174090	Inhibition constant against DPP-4	Ki	=	4300.0	nM		
CHEMBL1161919	CN1C(=O)c2nc(N3CCCC(N)C3)n(Cc3ccccc3C#N)c2C1=O	7	17010607	Inhibition of h-DPPIV	Ki	=	2.0	nM		
CHEMBL1161921	Cn1ncc2nc(N3CCCC(N)C3)n(Cc3ccccc3C#N)c2c1=O	8	17010607	Inhibition of h-DPPIV	Ki	=	5.0	nM		
CHEMBL216411	CC(C)(C)C(=O)NCC(=O)N1CCC[C@H]1B(O)O	10	17174090	Inhibition constant against DPP-4	Ki	=	608000.0	nM		
CHEMBL1161922	CN1C(=O)c2nc(N3CCCC(N)C3)n(Cc3ccccc3Cl)c2C1=O	9	17010607	Inhibition of h-DPPIV	Ki	=	9.0	nM		
CHEMBL217244	O=C(NCC(=O)N1CCC[C@H]1B(O)O)C1CCCC1	11	17174090	Inhibition constant against DPP-4	Ki	=	9080.0	nM		
CHEMBL1161923	CN1C(=O)c2nc(N3CCCC(N)C3)n(Cc3ccccc3C(F)(F)F)c2C1=O	10	17010607	Inhibition of h-DPPIV	Ki	=	10.0	nM		
CHEMBL387444	O=C(NCC(=O)N1CCC[C@H]1B(O)O)C1CCCCC1	12	17174090	Inhibition constant against DPP-4	Ki	=	7391.0	nM		
CHEMBL1161910	CN1C(=O)c2nc(N3CCCC(N)C3)n(Cc3ccccc3OC(F)(F)F)c2C1=O	11	17010607	Inhibition of h-DPPIV	Ki	=	22.0	nM		
CHEMBL217753	O=C(NCC(=O)N1CCC[C@H]1B(O)O)c1ccccc1	13	17174090	Inhibition constant against DPP-4	Ki	=	38400.0	nM		
CHEMBL1161912	Cn1ncc2nc(N3CCCC(N)C3)n(Cc3cccc(C#N)c3)c2c1=O	12	17010607	Inhibition of h-DPPIV	Ki	=	1200.0	nM		
CHEMBL386890	O=C(NCC(=O)N1CCC[C@H]1B(O)O)c1cc(Cl)ccc1Cl	14	17174090	Inhibition constant against DPP-4	Ki	=	9500.0	nM		
CHEMBL1161913	Cn1ncc2nc(N3CCCC(N)C3)n(Cc3cccc(CC#N)c3)c2c1=O	13	17010607	Inhibition of h-DPPIV	Ki	=	11.0	nM		
CHEMBL443836	O=C(NCC(=O)N1CCC[C@H]1B(O)O)c1c(Cl)cccc1Cl	15	17174090	Inhibition constant against DPP-4	Ki	=	6871.0	nM		
CHEMBL1161917	N#Cc1ccccc1Cn1c(N2CCCC(N)C2)nc2c1C(=O)N(Cc1ccccc1)C2=O	14	17010607	Inhibition of h-DPPIV	Ki	=	29.0	nM		
CHEMBL217754	CC(=O)N(C)CC(=O)N1CCC[C@H]1B(O)O	16	17174090	Inhibition constant against DPP-4	Ki	=	4600.0	nM		
CHEMBL1161920	NC1CCCN(c2nc3c(n2Cc2ccccc2C(F)(F)F)C(=O)c2ccccc2C3=O)C1	15	17010607	Inhibition of h-DPPIV	Ki	=	25.0	nM		
CHEMBL1161918	COc1ccc2nc(N3CCCC(N)C3)n(Cc3ccccc3C(F)(F)F)c2c1F	16	17010607	Inhibition of h-DPPIV	Ki	=	57.0	nM		
CHEMBL216376	CC(C)C(=O)N(C)CC(=O)N1CCC[C@H]1B(O)O	17	17174090	Inhibition constant against DPP-4	Ki	=	19500.0	nM		
CHEMBL385419	CN(CC(=O)N1CCC[C@H]1B(O)O)C(=O)c1ccccc1	18	17174090	Inhibition constant against DPP-4	Ki	=	11300.0	nM		
CHEMBL541921	NC1CCCN(c2nc3ccc[n+]([O-])c3n2Cc2ccccc2)C1	17	17010607	Inhibition of h-DPPIV	Ki	=	300.0	nM		
CHEMBL217056	CN(CC(=O)N1CCC[C@H]1B(O)O)C(=O)C1CCC(=O)N1	19	17174090	Inhibition constant against DPP-4	Ki	=	68.0	nM		
CHEMBL1161911	Cn1ncc2c(nc(N3CCCC(N)C3)n2Cc2ccccc2C#N)c1=O	18	17010607	Inhibition of h-DPPIV	Ki	=	260.0	nM		
CHEMBL1161916	Cn1c(=O)c2c(nc(N3CCCC(N)C3)n2Cc2ccccc2C#N)n(C)c1=O	6	17010607	Human DPPIV plasma binding (0% plasma)	Ki	=	2.0	nM		
CHEMBL217065	CS(=O)(=O)NCC(=O)N1CCC[C@H]1B(O)O	20	17174090	Inhibition constant against DPP-4	Ki	=	1430.0	nM		
CHEMBL1161919	CN1C(=O)c2nc(N3CCCC(N)C3)n(Cc3ccccc3C#N)c2C1=O	7	17010607	Human DPPIV plasma binding (0% plasma)	Ki	=	2.0	nM		
CHEMBL387050	O=C1c2ccccc2CN1CC(=O)N1CCC[C@H]1B(O)O	22	17174090	Inhibition constant against DPP-4	Ki	=	22700.0	nM		
CHEMBL1161914	CNC(=O)c1nc(N2CCCC(N)C2)n(Cc2ccccc2C#N)c1C(=O)NC	19	17010607	Human DPPIV plasma binding (0% plasma)	Ki	=	450.0	nM		
CHEMBL1161915	Cn1c(=O)c2nc(N3CCCC(N)C3)n(Cc3ccccc3C#N)c2c(=O)n1C	20	17010607	Human DPPIV plasma binding (0% plasma)	Ki	=	11.0	nM		
CHEMBL217802	O=C(CCC(=O)N1CCC[C@H]1B(O)O)c1ccccc1	23	17174090	Inhibition constant against DPP-4	Ki	=	451000.0	nM		
CHEMBL383855	O=C(Cn1ccccc1=O)N1CCC[C@H]1B(O)O	24	17174090	Inhibition constant against DPP-4	Ki	=	182000.0	nM		
CHEMBL221608	N[C@H]1CN(c2ccccc2)C(=O)C[C@@H]1c1ccccc1Cl	16	17367123	Inhibition of human DPP4	Ki	=	1600.0	nM		
CHEMBL222144	N[C@H]1CN(c2cc(N3CCn4cc(C(F)(F)F)nc4C3)ncn2)C(=O)C[C@@H]1c1cc(F)c(F)cc1F	49	17367123	Inhibition of human DPP4	Ki	=	3.0	nM		
CHEMBL222908	N[C@H]1CN(c2cc(N3CC[C@@H](O)C3)ncn2)C(=O)C[C@@H]1c1cc(F)c(F)cc1F	48	17367123	Inhibition of human DPP4	Ki	=	2.3	nM		
CHEMBL434740	N[C@H]1CN(c2cc(N3CCC(F)(F)C3)ncn2)C(=O)C[C@@H]1c1cc(F)c(F)cc1F	47	17367123	Inhibition of human DPP4	Ki	=	1.6	nM		
CHEMBL222627	CCN(CC)c1cc(N2C[C@H](N)[C@@H](c3cc(F)c(F)cc3F)CC2=O)ncn1	46	17367123	Inhibition of human DPP4	Ki	=	23.0	nM		
CHEMBL426735	N[C@H]1CN(c2cc(N3CCCCC3)ncn2)C(=O)C[C@@H]1c1cc(F)c(F)cc1F	45	17367123	Inhibition of human DPP4	Ki	=	11.0	nM		
CHEMBL224882	N[C@H]1CN(c2cc(N3CCCC3)ncn2)C(=O)C[C@@H]1c1cc(F)c(F)cc1F	44	17367123	Inhibition of human DPP4	Ki	=	2.3	nM		
CHEMBL268359	CS(=O)(=O)c1cccc(-c2ncnc(N3C[C@H](N)[C@@H](c4cc(F)c(F)cc4F)CC3=O)n2)c1	43	17367123	Inhibition of human DPP4	Ki	=	13.0	nM		
CHEMBL222323	CS(=O)(=O)c1cccc(-c2cc(N3C[C@H](N)[C@@H](c4cc(F)c(F)cc4F)CC3=O)ncn2)c1	42	17367123	Inhibition of human DPP4	Ki	=	4.0	nM		
CHEMBL221557	N[C@H]1CN(C(=O)Nc2ccccc2)C(=O)C[C@@H]1c1cc(F)c(F)cc1F	38	17367123	Inhibition of human DPP4	Ki	=	140.0	nM		
CHEMBL221402	N[C@H]1CN(CCc2cccc(C(=O)O)c2)C(=O)C[C@@H]1c1cc(F)c(F)cc1F	35	17367123	Inhibition of human DPP4	Ki	=	3.8	nM		
CHEMBL426896	CS(=O)(=O)c1cccc(CCN2C[C@H](N)[C@@H](c3cc(F)c(F)cc3F)CC2=O)c1	34	17367123	Inhibition of human DPP4	Ki	=	4.0	nM		
CHEMBL222626	CS(=O)(=O)c1ccc(CCN2C[C@H](N)[C@@H](c3cc(F)c(F)cc3F)CC2=O)cc1	33	17367123	Inhibition of human DPP4	Ki	=	12.0	nM		
CHEMBL387351	N[C@@H]1CN(CCc2ccc3c(c2)OCO3)C(=O)C[C@H]1c1cc(F)c(F)cc1F	32	17367123	Inhibition of human DPP4	Ki	=	105.0	nM		
CHEMBL538090	Cl.N[C@H]1CN(CCc2ccc3c(c2)OCO3)C(=O)C[C@@H]1c1cc(F)c(F)cc1F	31	17367123	Inhibition of human DPP4	Ki	=	3.2	nM		
CHEMBL225210	N[C@H]1CN(CCc2ccc3c(c2)OCO3)C(=O)C[C@@H]1c1cc(F)c(F)cc1F	25	17367123	Inhibition of human DPP4	Ki	=	7.1	nM		
CHEMBL222379	N[C@H]1CN(CCc2ccncc2)C(=O)C[C@@H]1c1cc(F)c(F)cc1F	24	17367123	Inhibition of human DPP4	Ki	=	24.0	nM		
CHEMBL375437	N[C@H]1CN(CCN2CCOCC2)C(=O)C[C@@H]1c1cc(F)c(F)cc1F	23	17367123	Inhibition of human DPP4	Ki	=	590.0	nM		
CHEMBL223040	C[C@H](CN1C[C@H](N)[C@@H](c2cc(F)c(F)cc2F)CC1=O)c1ccccc1	22	17367123	Inhibition of human DPP4	Ki	=	83.0	nM		
CHEMBL222909	N[C@H]1CN(CCCc2ccccc2)C(=O)C[C@@H]1c1cc(F)c(F)cc1F	21	17367123	Inhibition of human DPP4	Ki	=	270.0	nM		
CHEMBL373922	N[C@H]1CN(CCc2ccccc2)C(=O)C[C@@H]1c1cc(F)c(F)cc1F	20	17367123	Inhibition of human DPP4	Ki	=	17.0	nM		
CHEMBL224091	N[C@H]1CN(Cc2ccccc2)C(=O)C[C@@H]1c1cc(F)c(F)cc1F	19	17367123	Inhibition of human DPP4	Ki	=	440.0	nM		
CHEMBL375494	N[C@H]1CN(CC2CCCCC2)C(=O)C[C@@H]1c1ccccc1Cl	18	17367123	Inhibition of human DPP4	Ki	=	930.0	nM		
CHEMBL222327	N[C@H]1CN(Cc2ccccc2)C(=O)C[C@@H]1c1ccccc1Cl	17	17367123	Inhibition of human DPP4	Ki	=	1400.0	nM		
CHEMBL376862	N[C@H]1CN(c2cc(-c3ccccc3)ncn2)C(=O)C[C@@H]1c1cc(F)c(F)cc1F	41	17367123	Inhibition of human DPP4	Ki	=	6.1	nM		
CHEMBL1209459	Cc1cc2nc(C)c(CN)c(-c3ccc(Cl)cc3Cl)n2n1	13	20598534	Inhibition of human DPP4	Ki	=	28.0	nM		
CHEMBL385517	N#C[C@@H]1C[C@@H]2C[C@@H]2N1C(=O)[C@@H](N)C12CC3CC(CC(O)(C3)C1)C2	saxagliptin	17937986	Inhibition of human DPP4	Ki	=	0.6	nM		
CHEMBL391212	O=C(CNC12CC3CC(CC(O)(C3)C1)C2)N1CC[C@@H]2C[C@@H]21	60	17937986	Inhibition of human DPP4	Ki	=	3081.0	nM		
CHEMBL236481	CC12CC3(C)CC(O)(C1)CC([C@H](N)C(=O)N1CCCCC1)(C2)C3	59	17937986	Inhibition of human DPP4	Ki	=	607.0	nM		
CHEMBL391211	CC12CC3(C)CC(O)(C1)CC([C@H](N)C(=O)N1CC[C@@H]4C[C@@H]41)(C2)C3	58	17937986	Inhibition of human DPP4	Ki	=	2.9	nM		
CHEMBL236480	N[C@H](C(=O)N1CC2CC2C1)C12CC3CC(O)(CC(O)(C3)C1)C2	57	17937986	Inhibition of human DPP4	Ki	=	270.0	nM		
CHEMBL399411	N[C@H](C(=O)N1Cc2ccccc2C1)C12CC3CC(CC(O)(C3)C1)C2	55	17937986	Inhibition of human DPP4	Ki	=	1420.0	nM		
CHEMBL236479	N[C@H](C(=O)N1CCSC1)C12CC3CC(CC(O)(C3)C1)C2	53	17937986	Inhibition of human DPP4	Ki	=	28.0	nM		
CHEMBL236266	N[C@H](C(=O)N1CCC=N1)C12CC3CC(CC(O)(C3)C1)C2	52	17937986	Inhibition of human DPP4	Ki	=	3311.0	nM		
CHEMBL236057	N[C@H](C(=O)N1CCCC1)C12CC3CC(CC(O)(C3)C1)C2	51	17937986	Inhibition of human DPP4	Ki	=	49.0	nM		
CHEMBL238235	N[C@H](C(=O)N1CC[C@@H]2C[C@H]21)C12CC3CC(CC(O)(C3)C1)C2	50	17937986	Inhibition of human DPP4	Ki	=	1944.0	nM		
CHEMBL238026	N[C@H](C(=O)N1CC[C@@H]2C[C@@H]21)C12CC3CC(O)(CC(O)(C3)C1)C2	49	17937986	Inhibition of human DPP4	Ki	=	14.0	nM		
CHEMBL238024	N[C@H](C(=O)N1CC[C@@H]2C[C@@H]21)C12CC3CC(CC(O)(C3)C1)C2	48	17937986	Inhibition of human DPP4	Ki	=	10.0	nM		
CHEMBL238232	CC1(C)CC([C@H](N)C(=O)N2CC[C@@H]3C[C@@H]32)CC(C)(C)C1	47	17937986	Inhibition of human DPP4	Ki	=	152.0	nM		
CHEMBL391186	CC(C)C(C(C)C)[C@H](N)C(=O)N1CC[C@@H]2C[C@@H]21	46	17937986	Inhibition of human DPP4	Ki	=	112.0	nM		
CHEMBL238226	CC(C)(C)[C@H](N)C(=O)N1CC[C@@H]2C[C@@H]21	43	17937986	Inhibition of human DPP4	Ki	=	356.0	nM		
CHEMBL238225	CC[C@@H](C)[C@H](N)C(=O)N1CC[C@@H]2C[C@@H]21	42	17937986	Inhibition of human DPP4	Ki	=	731.0	nM		
CHEMBL238014	CC[C@H](C)[C@H](N)C(=O)N1CC[C@@H]2C[C@@H]21	41	17937986	Inhibition of human DPP4	Ki	=	530.0	nM		
CHEMBL238013	CC(C)[C@H](N)C(=O)N1CC[C@@H]2C[C@@H]21	40	17937986	Inhibition of human DPP4	Ki	=	1065.0	nM		
CHEMBL395184	CC(C)(C)C[C@H](N)C(=O)N1CC[C@@H]2C[C@@H]21	39	17937986	Inhibition of human DPP4	Ki	=	1010.0	nM		
CHEMBL236310	CCCC[C@H](N)C(=O)N1CC[C@@H]2C[C@@H]21	37	17937986	Inhibition of human DPP4	Ki	=	3257.0	nM		
CHEMBL235225	N[C@@H](Cc1ccc(O)cc1)C(=O)N1CC[C@@H]2C[C@@H]21	27	17937986	Inhibition of human DPP4	Ki	=	3007.0	nM		
CHEMBL238221	N[C@@H](Cc1ccc(Cl)cc1)C(=O)N1CC[C@@H]2C[C@@H]21	25	17937986	Inhibition of human DPP4	Ki	=	877.0	nM		
CHEMBL235868	N[C@@H](Cc1ccccc1)C(=O)N1CC[C@@H]2C[C@@H]21	24	17937986	Inhibition of human DPP4	Ki	=	3653.0	nM		
CHEMBL520575	N#Cc1ccc(N2CCC(NCC(=O)N3C[C@@H](F)C[C@H]3C#N)CC2)cc1	R1C5, Table 3	18602260	Inhibition of human plasma DPP4	Ki	=	79.0	nM		
CHEMBL480530	N#Cc1ccc(N2CCC(NCC(=O)N3C[C@@H](F)C[C@H]3C#N)CC2)nc1	R1C4, Table 3	18602260	Inhibition of human plasma DPP4	Ki	=	31.0	nM		
CHEMBL519435	N#C[C@@H]1C[C@H](F)CN1C(=O)CNC1CCN(c2ccc(C(F)(F)F)cn2)CC1	R1C3, Table 3	18602260	Inhibition of human plasma DPP4	Ki	=	12.0	nM		
CHEMBL480716	N#Cc1ccc(N2CCC(NCC(=O)N3C[C@@H](F)C[C@H]3C#N)CC2)c(C(F)(F)F)c1	R1C2, Table 3	18602260	Inhibition of human plasma DPP4	Ki	=	5.0	nM		
CHEMBL480903	N#Cc1c(F)cc(N2CCC(NCC(=O)N3C[C@@H](F)C[C@H]3C#N)CC2)cc1F	R1C1, Table 3	18602260	Inhibition of human plasma DPP4	Ki	=	1.0	nM		
CHEMBL2068511	C[C@@H](B(O)O)N1CC[C@@H](N)C1=O	1	17458948	Inhibition of human placental DPP4	Ki	=	2.3	nM		
CHEMBL67279	CC(C)[C@H](N)C(=O)N1CCC[C@H]1B(O)O	5	17458948	Inhibition of human placental DPP4	Ki	=	0.18	nM		
CHEMBL63860	C[C@H](N)C(=O)N1CCC[C@H]1B(O)O	3	17458948	Inhibition of human placental DPP4	Ki	=	0.03	nM		
CHEMBL2068512	C[C@@H](B(O)O)N1CC[C@H](N)C1=O	2	17458948	Inhibition of human placental DPP4	Ki	=	1100.0	nM		
CHEMBL395208	NC1CN(Cc2ccccc2)CC1c1ccc(Cl)cc1Cl	9 (+/-)	17276063	Inhibition of human DPP4	Ki	=	3400.0	nM		
CHEMBL246529	CS(=O)(=O)c1cc(F)cc(-c2cc(N3CC(N)C(c4cc(F)c(F)cc4F)C3)ncn2)c1	29h	17276063	Inhibition of human DPP4	Ki	=	9.0	nM		
CHEMBL245781	CN(C)C(=O)c1cccc(-c2cc(N3CC(N)C(c4cc(F)c(F)cc4F)C3)ncn2)c1	29e	17276063	Inhibition of human DPP4	Ki	=	7.0	nM		
CHEMBL245780	NC1CN(c2cc(-c3ccc(C(=O)O)cc3)ncn2)CC1c1cc(F)c(F)cc1F	29d	17276063	Inhibition of human DPP4	Ki	=	85.0	nM		
CHEMBL536086	Cl.NC1CN(c2cc(-c3ccsc3)ncn2)CC1c1cc(F)c(F)cc1F	29b	17276063	Inhibition of human DPP4	Ki	=	6.0	nM		
CHEMBL246782	NC1CN(c2cc(-c3ccccc3)ncn2)CC1c1cc(F)c(F)cc1F	29a	17276063	Inhibition of human DPP4	Ki	=	20.0	nM		
CHEMBL395426	NC1CN(c2cc(-c3ccsc3)ncn2)CC1c1cc(F)c(F)cc1F	25c (+/-)	17276063	Inhibition of human DPP4	Ki	=	17.0	nM		
CHEMBL246574	NC1CN(c2cc(-c3ccsc3)ncn2)CC1c1cc(F)c(F)cc1Cl	25b (+/-)	17276063	Inhibition of human DPP4	Ki	=	35.0	nM		
CHEMBL247182	NC1CN(c2cc(-c3ccsc3)ncn2)CC1c1ccc(F)cc1Cl	25a (+/-)	17276063	Inhibition of human DPP4	Ki	=	34.0	nM		
CHEMBL392432	NC1CN(c2cc(-c3ccsc3)ncn2)CC1c1ccc(Cl)cc1Cl	20c (+/-)	17276063	Inhibition of human DPP4	Ki	=	15.0	nM		
CHEMBL246981	NC1CN(c2ccnc(-c3ccsc3)n2)CC1c1ccc(Cl)cc1Cl	20b (+/-)	17276063	Inhibition of human DPP4	Ki	=	200.0	nM		
CHEMBL246980	NC1CN(c2nccc(-c3ccsc3)n2)CC1c1ccc(Cl)cc1Cl	20a (+/-)	17276063	Inhibition of human DPP4	Ki	=	76.0	nM		
CHEMBL392431	NC1CN(c2nccc(-c3ccccc3)n2)CC1c1ccc(Cl)cc1Cl	18d (+/-)	17276063	Inhibition of human DPP4	Ki	=	140.0	nM		
CHEMBL245356	COc1ccc(-c2cnc(N3CC(N)C(c4ccc(Cl)cc4Cl)C3)nc2)cc1	18c (+/-)	17276063	Inhibition of human DPP4	Ki	=	430.0	nM		
CHEMBL245355	NC1CN(c2ncccn2)CC1c1ccc(Cl)cc1Cl	18b (+/-)	17276063	Inhibition of human DPP4	Ki	=	210.0	nM		
CHEMBL245354	NC1CN(c2ccccn2)CC1c1ccc(Cl)cc1Cl	18a (+/-)	17276063	Inhibition of human DPP4	Ki	=	790.0	nM		
CHEMBL396300	NC1CN(c2ccccc2)CC1c1ccc(Cl)cc1Cl	17 (+/-)	17276063	Inhibition of human DPP4	Ki	=	2800.0	nM		
CHEMBL247775	Cc1cccc(COC(=O)N2CC(N)C(c3ccc(Cl)cc3Cl)C2)n1	16b (+/-)	17276063	Inhibition of human DPP4	Ki	=	240.0	nM		
CHEMBL247774	CCOC(=O)N1CC(N)C(c2ccc(Cl)cc2Cl)C1	16a (+/-)	17276063	Inhibition of human DPP4	Ki	=	490.0	nM		
CHEMBL245748	COc1cccc(CN(C)C(=O)N2CC(N)C(c3ccc(Cl)cc3Cl)C2)c1	10b (+/-)	17276063	Inhibition of human DPP4	Ki	=	220.0	nM		
CHEMBL395688	CCN(C)C(=O)N1CC(N)C(c2ccc(Cl)cc2Cl)C1	10a (+/-)	17276063	Inhibition of human DPP4	Ki	=	610.0	nM		
CHEMBL245747	NC1CN(C(=O)NCc2cccc(F)c2)CC1c1ccc(Cl)cc1Cl	15b (+/-)	17276063	Inhibition of human DPP4	Ki	=	190.0	nM		
CHEMBL395687	CCNC(=O)N1CC(N)C(c2ccc(Cl)cc2Cl)C1	15a (+/-)	17276063	Inhibition of human DPP4	Ki	=	280.0	nM		
CHEMBL245552	Cc1ccc(S(=O)(=O)N2CC(N)C(c3ccc(Cl)cc3Cl)C2)cc1	14 (+/-)	17276063	Inhibition of human DPP4	Ki	=	13000.0	nM		
CHEMBL395686	CC(=O)N1CC(N)C(c2ccc(Cl)cc2Cl)C1	13 (+/-)	17276063	Inhibition of human DPP4	Ki	=	2700.0	nM		
CHEMBL245585	NC1CN(c2cc(-c3cccc(C(=O)O)c3)ncn2)CC1c1cc(F)c(F)cc1F	29c	17276063	Inhibition of human DPP4 by tight binding assay	Ki	=	1.8	nM		
CHEMBL246530	CS(=O)(=O)c1cccc(-c2ncnc(N3CC(N)C(c4cc(F)c(F)cc4F)C3)n2)c1	30	17276063	Inhibition of human DPP4 by tight binding assay	Ki	=	2.1	nM		
CHEMBL428223	CS(=O)(=O)c1cccc(-c2cc(N3CC(N)C(c4cc(F)c(F)cc4F)C3)ncn2)c1	29g	17276063	Inhibition of human DPP4 by tight binding assay	Ki	=	3.4	nM		
CHEMBL246322	NC1CN(c2cc(-c3cccc(S(=O)(=O)N4CCOCC4)c3)ncn2)CC1c1cc(F)c(F)cc1F	29f	17276063	Inhibition of human DPP4 by tight binding assay	Ki	=	3.2	nM		
CHEMBL245585	NC1CN(c2cc(-c3cccc(C(=O)O)c3)ncn2)CC1c1cc(F)c(F)cc1F	29c	17276063	Inhibition of human DPP4 in presence of rat plasma protein	Ki	=	1.0	nM		
CHEMBL246530	CS(=O)(=O)c1cccc(-c2ncnc(N3CC(N)C(c4cc(F)c(F)cc4F)C3)n2)c1	30	17276063	Inhibition of human DPP4 in presence of rat plasma protein	Ki	=	1.3	nM		
CHEMBL428223	CS(=O)(=O)c1cccc(-c2cc(N3CC(N)C(c4cc(F)c(F)cc4F)C3)ncn2)c1	29g	17276063	Inhibition of human DPP4 in presence of rat plasma protein	Ki	=	3.5	nM		
CHEMBL246322	NC1CN(c2cc(-c3cccc(S(=O)(=O)N4CCOCC4)c3)ncn2)CC1c1cc(F)c(F)cc1F	29f	17276063	Inhibition of human DPP4 in presence of rat plasma protein	Ki	=	1.7	nM		
CHEMBL67279	CC(C)[C@H](N)C(=O)N1CCC[C@H]1B(O)O	1, Val-boroPro	18783201	Inhibition of human placental DPP4	Ki	=	0.18	nM		
CHEMBL460984	CC(=O)N[C@H](C(=O)N1CCC[C@H]1B(O)O)C(C)C	8, Ac-Val-boroPro	18783201	Inhibition of human placental DPP4	Ki	=	3300.0	nM		
CHEMBL501506	C[C@H](NC(=O)[C@@H](N)CCC(N)=O)B(O)O	7, Gln-boroAla	18783201	Inhibition of human placental DPP4	Ki	=	17.0	nM		
CHEMBL365322	CC(C)[C@H](N)C(=O)N[C@@H](C)B(O)O	6, Val-boroAla	18783201	Inhibition of human placental DPP4	Ki	=	3.9	nM		
CHEMBL447366	C[C@H](NC(=O)[C@@H](N)CCC(=O)O)B(O)O	5, Glu-boroAla	18783201	Inhibition of human placental DPP4	Ki	=	8.3	nM		
CHEMBL67089	NCC(=O)N1CCC[C@H]1B(O)O	4, Gly-boroPro	18783201	Inhibition of human placental DPP4	Ki	=	0.4	nM		
CHEMBL494497	N[C@@H](CCC(=O)O)C(=O)N1CCC[C@H]1B(O)O	3, Glu-boroPro	18783201	Inhibition of human placental DPP4	Ki	=	1.8	nM		
CHEMBL63860	C[C@H](N)C(=O)N1CCC[C@H]1B(O)O	2, Ala-boroPro	18783201	Inhibition of human placental DPP4	Ki	=	0.27	nM		
CHEMBL385517	N#C[C@@H]1C[C@@H]2C[C@@H]2N1C(=O)[C@@H](N)C12CC3CC(CC(O)(C3)C1)C2	5, BMS-477118	19217790	Inhibition of human DPP4	Ki	=	0.6	nM		
CHEMBL1209537	Cc1nc2c(-c3ccccc3)cnn2c(-c2ccc(Cl)cc2Cl)c1CN	14	20598534	Inhibition of human DPP4	Ki	=	14.0	nM		
CHEMBL1209538	Cc1nc2cc(-c3ccccc3)nn2c(-c2ccc(Cl)cc2Cl)c1CN	15	20598534	Inhibition of human DPP4	Ki	=	22.0	nM		
CHEMBL1209539	CCC(=O)c1cnn2c(-c3ccc(Cl)cc3Cl)c(CN)c(C)nc12	16	20598534	Inhibition of human DPP4	Ki	=	73.0	nM		
CHEMBL1209540	Cc1ccccc1-c1cc2nc(C)c(CN)c(-c3ccc(Cl)cc3Cl)n2n1	17	20598534	Inhibition of human DPP4	Ki	=	50.0	nM		
CHEMBL1209541	Cc1nc2cc(-c3ccccc3Cl)nn2c(-c2ccc(Cl)cc2Cl)c1CN	18	20598534	Inhibition of human DPP4	Ki	=	20.0	nM		
CHEMBL1209609	Cc1nc2cc(-c3ccco3)nn2c(-c2ccc(Cl)cc2Cl)c1CN	19	20598534	Inhibition of human DPP4	Ki	=	43.0	nM		
CHEMBL1209610	Cc1nc2cc(-c3ccc(Cl)cc3)nn2c(-c2ccc(Cl)cc2Cl)c1CN	20	20598534	Inhibition of human DPP4	Ki	=	33.0	nM		
CHEMBL1209611	COc1ccc(-c2cc3nc(C)c(CN)c(-c4ccc(Cl)cc4Cl)n3n2)cc1	21	20598534	Inhibition of human DPP4	Ki	=	30.0	nM		
CHEMBL1209612	Cc1ccc(-c2cc3nc(C)c(CN)c(-c4ccc(Cl)cc4Cl)n3n2)cc1	22	20598534	Inhibition of human DPP4	Ki	=	28.0	nM		
CHEMBL1209613	Cc1cccc(-c2cc3nc(C)c(CN)c(-c4ccc(Cl)cc4Cl)n3n2)c1	23	20598534	Inhibition of human DPP4	Ki	=	75.0	nM		
CHEMBL1209680	Cc1nc2cc(-c3cccc(Cl)c3)nn2c(-c2ccc(Cl)cc2Cl)c1CN	24	20598534	Inhibition of human DPP4	Ki	=	163.0	nM		
CHEMBL1209681	Cc1nc2nc(C)c(CN)c(-c3ccc(Cl)cc3Cl)n2n1	29	20598534	Inhibition of human DPP4	Ki	=	64.0	nM		
CHEMBL1209682	Cc1nc2nc(-c3ccccc3)nn2c(-c2ccc(Cl)cc2Cl)c1CN	30	20598534	Inhibition of human DPP4	Ki	=	67.0	nM		
CHEMBL1209683	COC(=O)c1nc2nc(C)c(CN)c(-c3ccc(Cl)cc3Cl)n2n1	31	20598534	Inhibition of human DPP4	Ki	=	137.0	nM		
CHEMBL1209684	Cc1nc2nc(C(=O)Nc3ccccc3)nn2c(-c2ccc(Cl)cc2Cl)c1CN	32	20598534	Inhibition of human DPP4	Ki	=	93.0	nM		
CHEMBL1209764	CCN(CC)c1nc2nc(C)c(CN)c(-c3ccc(Cl)cc3Cl)n2n1	33	20598534	Inhibition of human DPP4	Ki	=	73.0	nM		
CHEMBL1209765	CCN(C)c1nc2nc(C)c(CN)c(-c3ccc(Cl)cc3Cl)n2n1	34	20598534	Inhibition of human DPP4	Ki	=	50.0	nM		
CHEMBL1209766	COCCN(C)c1nc2nc(C)c(CN)c(-c3ccc(Cl)cc3Cl)n2n1	35	20598534	Inhibition of human DPP4	Ki	=	18.0	nM		
CHEMBL1209767	Cc1nc2nc(N3CCCC3)nn2c(-c2ccc(Cl)cc2Cl)c1CN	36	20598534	Inhibition of human DPP4	Ki	=	50.0	nM		
CHEMBL1209768	Cc1nc2nc(N3CCOCC3)nn2c(-c2ccc(Cl)cc2Cl)c1CN	37	20598534	Inhibition of human DPP4	Ki	=	31.0	nM		
CHEMBL1209849	Cc1nc2nc(N3CCSCC3)nn2c(-c2ccc(Cl)cc2Cl)c1CN	38	20598534	Inhibition of human DPP4	Ki	=	29.0	nM		
CHEMBL1209850	Cc1nc2nc(N3CCN(C(=O)OC(C)(C)C)CC3)nn2c(-c2ccc(Cl)cc2Cl)c1CN	39	20598534	Inhibition of human DPP4	Ki	=	442.0	nM		
CHEMBL1209851	Cc1nc2nc(N3CCNCC3)nn2c(-c2ccc(Cl)cc2Cl)c1CN	40	20598534	Inhibition of human DPP4	Ki	=	106.0	nM		
CHEMBL1209852	Cc1nc2nccn2c(-c2ccc(Cl)cc2Cl)c1CN	44	20598534	Inhibition of human DPP4	Ki	=	12.0	nM		
CHEMBL1209853	Cc1nc2nc(-c3ccccc3)cn2c(-c2ccc(Cl)cc2Cl)c1CN	45	20598534	Inhibition of human DPP4	Ki	=	6.0	nM		
CHEMBL1208840	Cc1nc2nc(-c3ccccc3Cl)cn2c(-c2ccc(Cl)cc2Cl)c1CN	46	20598534	Inhibition of human DPP4	Ki	=	18.0	nM		
CHEMBL1208841	Cc1nc2nc(-c3cccc(Cl)c3)cn2c(-c2ccc(Cl)cc2Cl)c1CN	47	20598534	Inhibition of human DPP4	Ki	=	24.0	nM		
CHEMBL1208842	Cc1nc2nc(-c3ccc(Cl)cc3)cn2c(-c2ccc(Cl)cc2Cl)c1CN	48	20598534	Inhibition of human DPP4	Ki	=	9.0	nM		
CHEMBL1208843	Cc1ccc(-c2cn3c(-c4ccc(Cl)cc4Cl)c(CN)c(C)nc3n2)cc1	49	20598534	Inhibition of human DPP4	Ki	=	22.0	nM		
CHEMBL1208844	COc1cccc(-c2cn3c(-c4ccc(Cl)cc4Cl)c(CN)c(C)nc3n2)c1	50	20598534	Inhibition of human DPP4	Ki	=	38.0	nM		
CHEMBL1208900	COc1ccc(-c2cn3c(-c4ccc(Cl)cc4Cl)c(CN)c(C)nc3n2)cc1	51	20598534	Inhibition of human DPP4	Ki	=	5.6	nM		
CHEMBL1208901	COc1ccccc1-c1cn2c(-c3ccc(Cl)cc3Cl)c(CN)c(C)nc2n1	52	20598534	Inhibition of human DPP4	Ki	=	13.0	nM		
CHEMBL1683571	N[C@H]1CN(c2ncnc(N3CCC(F)(F)C3)n2)C[C@@H]1N1CC(F)(F)CCC1=O	5o	21324688	Inhibition of DPP4 in human plasma	Ki	=	14.4	nM		
CHEMBL1214876	CCOC(=O)c1cn2c(-c3ccc(Cl)cc3Cl)c(CN)c(C)nc2n1	19, rac	20684603	Inhibition of human recombinant DPP4 assessed as Gly-Pro-pNA cleavage	Ki	=	0.7	nM		
CHEMBL1214876	CCOC(=O)c1cn2c(-c3ccc(Cl)cc3Cl)c(CN)c(C)nc2n1	20, atropisomer	20684603	Inhibition of human recombinant DPP4 assessed as Gly-Pro-pNA cleavage	Ki	=	11.7	nM		
CHEMBL1214876	CCOC(=O)c1cn2c(-c3ccc(Cl)cc3Cl)c(CN)c(C)nc2n1	21, atropisomer	20684603	Inhibition of human recombinant DPP4 assessed as Gly-Pro-pNA cleavage	Ki	=	0.4	nM		
CHEMBL1214877	CCN(CC)C(=O)c1cn2c(-c3ccc(Cl)cc3Cl)c(CN)c(C)nc2n1	24a	20684603	Inhibition of human recombinant DPP4 assessed as Gly-Pro-pNA cleavage	Ki	=	2.4	nM		
CHEMBL1214942	Cc1nc2nc(C(=O)N3CCCC3)cn2c(-c2ccc(Cl)cc2Cl)c1CN	24b	20684603	Inhibition of human recombinant DPP4 assessed as Gly-Pro-pNA cleavage	Ki	=	2.9	nM		
CHEMBL1214943	Cc1nc2nc(C(=O)N3CCOCC3)cn2c(-c2ccc(Cl)cc2Cl)c1CN	24c	20684603	Inhibition of human recombinant DPP4 assessed as Gly-Pro-pNA cleavage	Ki	=	2.2	nM		
CHEMBL1214944	Cc1nc2nc(C(=O)NC3CCOCC3)cn2c(-c2ccc(Cl)cc2Cl)c1CN	24d	20684603	Inhibition of human recombinant DPP4 assessed as Gly-Pro-pNA cleavage	Ki	=	3.1	nM		
CHEMBL1214945	Cc1nc2nc(C(=O)NC3CCN(C(C)C)CC3)cn2c(-c2ccc(Cl)cc2Cl)c1CN	24e	20684603	Inhibition of human recombinant DPP4 assessed as Gly-Pro-pNA cleavage	Ki	=	5.0	nM		
CHEMBL1215015	Cc1nc2nc(C(=O)NCCN3CCCCC3)cn2c(-c2ccc(Cl)cc2Cl)c1CN	24f	20684603	Inhibition of human recombinant DPP4 assessed as Gly-Pro-pNA cleavage	Ki	=	8.7	nM		
CHEMBL1215016	Cc1nc2nc(C(=O)N3CCNC(=O)C3)cn2c(-c2ccc(Cl)cc2Cl)c1CN	24g	20684603	Inhibition of human recombinant DPP4 assessed as Gly-Pro-pNA cleavage	Ki	=	1.0	nM		
CHEMBL1215017	COC[C@H]1CCCN1C(=O)c1cn2c(-c3ccc(Cl)cc3Cl)c(CN)c(C)nc2n1	24h	20684603	Inhibition of human recombinant DPP4 assessed as Gly-Pro-pNA cleavage	Ki	=	3.1	nM		
CHEMBL1215018	Cc1nc2nc(C(=O)N3CC[C@H](NS(C)(=O)=O)C3)cn2c(-c2ccc(Cl)cc2Cl)c1CN	24i	20684603	Inhibition of human recombinant DPP4 assessed as Gly-Pro-pNA cleavage	Ki	=	0.2	nM		
CHEMBL1215087	Cc1nc2nc(C(=O)N3CCN(S(C)(=O)=O)CC3)cn2c(-c2ccc(Cl)cc2Cl)c1CN	24j	20684603	Inhibition of human recombinant DPP4 assessed as Gly-Pro-pNA cleavage	Ki	=	0.5	nM		
CHEMBL1215088	Cc1nc2nc(C(=O)N(C)CCS(C)(=O)=O)cn2c(-c2ccc(Cl)cc2Cl)c1CN	24k	20684603	Inhibition of human recombinant DPP4 assessed as Gly-Pro-pNA cleavage	Ki	=	0.3	nM		
CHEMBL1215089	Cc1cc(NC(=O)c2cn3c(-c4ccc(Cl)cc4Cl)c(CN)c(C)nc3n2)n(C)n1	24l	20684603	Inhibition of human recombinant DPP4 assessed as Gly-Pro-pNA cleavage	Ki	=	0.9	nM		
CHEMBL1215090	Cc1csc(NC(=O)c2cn3c(-c4ccc(Cl)cc4Cl)c(CN)c(C)nc3n2)n1	24m	20684603	Inhibition of human recombinant DPP4 assessed as Gly-Pro-pNA cleavage	Ki	=	6.6	nM		
CHEMBL1215163	Cc1nc2nc(C(=O)NCc3ncco3)cn2c(-c2ccc(Cl)cc2Cl)c1CN	24n	20684603	Inhibition of human recombinant DPP4 assessed as Gly-Pro-pNA cleavage	Ki	=	2.0	nM		
CHEMBL1215164	Cc1nc2nc(C(=O)N3COCC3(C)C)cn2c(-c2ccc(Cl)cc2Cl)c1CN	24o	20684603	Inhibition of human recombinant DPP4 assessed as Gly-Pro-pNA cleavage	Ki	=	0.6	nM		
CHEMBL1215165	Cc1nc2nc(C(=O)Nc3ccn(C)n3)cn2c(-c2ccc(Cl)cc2Cl)c1CN	24p	20684603	Inhibition of human recombinant DPP4 assessed as Gly-Pro-pNA cleavage	Ki	=	1.8	nM		
CHEMBL1215166	Cc1nc2nc(C(=O)Nc3ccon3)cn2c(-c2ccc(Cl)cc2Cl)c1CN	24q	20684603	Inhibition of human recombinant DPP4 assessed as Gly-Pro-pNA cleavage	Ki	=	3.8	nM		
CHEMBL1215167	Cc1nc2nc(C(=O)N(C)Cc3cccnc3)cn2c(-c2ccc(Cl)cc2Cl)c1CN	24r	20684603	Inhibition of human recombinant DPP4 assessed as Gly-Pro-pNA cleavage	Ki	=	2.6	nM		
CHEMBL1215233	CCn1nccc1NC(=O)c1cn2c(-c3ccc(Cl)cc3Cl)c(CN)c(C)nc2n1	24s	20684603	Inhibition of human recombinant DPP4 assessed as Gly-Pro-pNA cleavage	Ki	=	1.1	nM		
CHEMBL1215234	Cc1nc2nc(C(=O)Nc3ccnn3C)cn2c(-c2ccc(Cl)cc2Cl)c1CN	24t	20684603	Inhibition of human recombinant DPP4 assessed as Gly-Pro-pNA cleavage	Ki	=	2.0	nM		
CHEMBL1215235	Cc1nc2nc(C(=O)NCc3cccs3)cn2c(-c2ccc(Cl)cc2Cl)c1CN	24u	20684603	Inhibition of human recombinant DPP4 assessed as Gly-Pro-pNA cleavage	Ki	=	3.2	nM		
CHEMBL1215236	Cc1nc2nc(C(=O)N(C)CCc3ccccn3)cn2c(-c2ccc(Cl)cc2Cl)c1CN	24v	20684603	Inhibition of human recombinant DPP4 assessed as Gly-Pro-pNA cleavage	Ki	=	0.7	nM		
CHEMBL1215299	Cc1nc2nc(C(=O)N(C)Cc3ccncc3)cn2c(-c2ccc(Cl)cc2Cl)c1CN	24w	20684603	Inhibition of human recombinant DPP4 assessed as Gly-Pro-pNA cleavage	Ki	=	2.6	nM		
CHEMBL1215300	Cc1nc2nc(C(=O)NCc3ccco3)cn2c(-c2ccc(Cl)cc2Cl)c1CN	24x	20684603	Inhibition of human recombinant DPP4 assessed as Gly-Pro-pNA cleavage	Ki	=	4.0	nM		
CHEMBL1215301	Cc1nc2nc(C(=O)N(C)Cc3ccco3)cn2c(-c2ccc(Cl)cc2Cl)c1CN	24y	20684603	Inhibition of human recombinant DPP4 assessed as Gly-Pro-pNA cleavage	Ki	=	0.9	nM		
CHEMBL1215302	Cc1nc2nc(C(=O)Nc3nc(-c4cccnc4)cs3)cn2c(-c2ccc(Cl)cc2Cl)c1CN	24z	20684603	Inhibition of human recombinant DPP4 assessed as Gly-Pro-pNA cleavage	Ki	=	5.0	nM		
CHEMBL1215373	Cc1nc2nc(C(=O)NCCc3c[nH]cn3)cn2c(-c2ccc(Cl)cc2Cl)c1CN	24aa	20684603	Inhibition of human recombinant DPP4 assessed as Gly-Pro-pNA cleavage	Ki	=	4.7	nM		
CHEMBL1215374	Cc1cccc(CNCC(=O)c2cn3c(-c4ccc(Cl)cc4Cl)c(CN)c(C)nc3n2)n1	24bb	20684603	Inhibition of human recombinant DPP4 assessed as Gly-Pro-pNA cleavage	Ki	=	5.4	nM		
CHEMBL1215375	Cc1nc2nc(C(=O)NCCc3cccnc3)cn2c(-c2ccc(Cl)cc2Cl)c1CN	24cc	20684603	Inhibition of human recombinant DPP4 assessed as Gly-Pro-pNA cleavage	Ki	=	1.5	nM		
CHEMBL1215376	Cc1nc2nc(C(=O)NCCc3ccccn3)cn2c(-c2ccc(Cl)cc2Cl)c1CN	24dd	20684603	Inhibition of human recombinant DPP4 assessed as Gly-Pro-pNA cleavage	Ki	=	1.4	nM		
CHEMBL1215448	Cc1nc2nc(C(=O)NCCc3ccncc3)cn2c(-c2ccc(Cl)cc2Cl)c1CN	24ee	20684603	Inhibition of human recombinant DPP4 assessed as Gly-Pro-pNA cleavage	Ki	=	1.3	nM		
CHEMBL1208901	COc1ccccc1-c1cn2c(-c3ccc(Cl)cc3Cl)c(CN)c(C)nc2n1	1	20833042	Inhibition of human DPP4 after 15 mins by para-nitroaniline release assay	Ki	=	15.0	nM		
CHEMBL1270560	COc1ccccc1-c1cn2c(-c3ccc(Cl)cc3)c(CN)c(C)nc2n1	9	20833042	Inhibition of human DPP4 after 15 mins by para-nitroaniline release assay	Ki	=	96.0	nM		
CHEMBL1269842	COc1ccccc1-c1cn2c(-c3ccccc3Cl)c(CN)c(C)nc2n1	14	20833042	Inhibition of human DPP4 after 15 mins by para-nitroaniline release assay	Ki	=	26.0	nM		
CHEMBL1270657	COc1ccccc1-c1cn2c(-c3ccccc3)c(CN)c(C)nc2n1	15	20833042	Inhibition of human DPP4 after 15 mins by para-nitroaniline release assay	Ki	=	241.0	nM		
CHEMBL1270757	COc1ccccc1-c1cn2c(-c3cccc(Cl)c3)c(CN)c(C)nc2n1	16	20833042	Inhibition of human DPP4 after 15 mins by para-nitroaniline release assay	Ki	=	1530.0	nM		
CHEMBL1270758	COc1ccccc1-c1cn2c(-c3c(Cl)cccc3Cl)c(CN)c(C)nc2n1	17	20833042	Inhibition of human DPP4 after 15 mins by para-nitroaniline release assay	Ki	=	113.0	nM		
CHEMBL1270859	COc1ccccc1-c1cn2c(-c3ccc(Cl)c(Cl)c3)c(CN)c(C)nc2n1	18	20833042	Inhibition of human DPP4 after 15 mins by para-nitroaniline release assay	Ki	=	612.0	nM		
CHEMBL1270860	COc1ccccc1-c1cn2c(-c3cccc(F)c3)c(CN)c(C)nc2n1	19	20833042	Inhibition of human DPP4 after 15 mins by para-nitroaniline release assay	Ki	=	550.0	nM		
CHEMBL1270961	COc1ccccc1-c1cn2c(-c3ccc(Cl)c(F)c3)c(CN)c(C)nc2n1	20	20833042	Inhibition of human DPP4 after 15 mins by para-nitroaniline release assay	Ki	=	495.0	nM		
CHEMBL1270962	COc1ccccc1-c1cn2c(-c3ccc(C)c(F)c3)c(CN)c(C)nc2n1	21	20833042	Inhibition of human DPP4 after 15 mins by para-nitroaniline release assay	Ki	=	438.0	nM		
CHEMBL1271170	COc1ccccc1-c1cn2c(-c3c(C)cc(C)cc3C)c(CN)c(C)nc2n1	24	20833042	Inhibition of human DPP4 after 15 mins by para-nitroaniline release assay	Ki	=	113.0	nM		
CHEMBL1271171	COc1ccccc1-c1cn2c(-c3c(F)cc(C)cc3F)c(CN)c(C)nc2n1	25	20833042	Inhibition of human DPP4 after 15 mins by para-nitroaniline release assay	Ki	=	27.0	nM		
CHEMBL1271270	COc1ccccc1-c1cn2c(-c3c(Cl)cc(Cl)cc3Cl)c(CN)c(C)nc2n1	26	20833042	Inhibition of human DPP4 after 15 mins by para-nitroaniline release assay	Ki	=	19.0	nM		
CHEMBL1208901	COc1ccccc1-c1cn2c(-c3ccc(Cl)cc3Cl)c(CN)c(C)nc2n1	(+)-1	20833042	Inhibition of human DPP4 after 15 mins by para-nitroaniline release assay	Ki	=	9.0	nM		
CHEMBL1208901	COc1ccccc1-c1cn2c(-c3ccc(Cl)cc3Cl)c(CN)c(C)nc2n1	(-)-1	20833042	Inhibition of human DPP4 after 15 mins by para-nitroaniline release assay	Ki	=	241.0	nM		
CHEMBL1269842	COc1ccccc1-c1cn2c(-c3ccccc3Cl)c(CN)c(C)nc2n1	(+)-14	20833042	Inhibition of human DPP4 after 15 mins by para-nitroaniline release assay	Ki	=	11.0	nM		
CHEMBL1269842	COc1ccccc1-c1cn2c(-c3ccccc3Cl)c(CN)c(C)nc2n1	(-)-14	20833042	Inhibition of human DPP4 after 15 mins by para-nitroaniline release assay	Ki	=	814.0	nM		
CHEMBL2234391	COc1cc(CC2(C(C)C)C(=N)NC(=S)NC2=O)cc(OC)c1OC	5	10.1007/s00044-010-9314-5	Competitive inhibition of DPP4 (unknown origin) using H-Gly-Pro-pNA tosylate as substrate after 60 min by Michaelis-Menten plot analysis	Ki	=	160000.0	nM		
CHEMBL142703	N#C[C@@H]1CCCN1C(=O)CNC12CC3CC(CC(O)(C3)C1)C2	Vildagliptin	22938786	Inhibition of DPP4 in human plasma using Gly-Pro-AMC as substrate by fluorimetric analysis	Ki	=	3.0	nM		
CHEMBL1230763	COC(=O)c1ccc(NC(=O)NC[C@H]2CC[C@@H](C(=O)N3CCC[C@H]3CN)N2)cc1	2G63	10.1007/s00044-012-0455-6	Inhibition of dipeptidyl peptidase 4 (unknown origin)	Ki	=	6.7	nM		
CHEMBL2261077	C[C@H](NC(=O)[C@@H]1CCCN1C(=O)[C@@H](N)Cc1ccc(O)cc1)C(=O)O	EMDB-3, Tyr-Pro-Ala-OH	22707871	Inhibition of DPP-4 (unknown origin) assessed as inhibition of endomorphin-1 degradation after 30 min	Ki	=	270000.0	nM		
CHEMBL2261078	C[C@H](NC(=O)[C@@H]1CCCN1C(=O)[C@@H](N)Cc1ccc(O)cc1)C(N)=O	EMDB-2, Tyr-Pro-Ala-NH2	22707871	Inhibition of DPP-4 (unknown origin) assessed as inhibition of endomorphin-1 degradation after 30 min	Ki	=	420000.0	nM		
CHEMBL214381	CC[C@H](C)[C@H](N)C(=O)N1CCC[C@H]1C(=O)N[C@H](C(=O)O)[C@@H](C)CC	Diprotin A, Ile-Pro-Ile	22707871	Inhibition of DPP-4 (unknown origin) assessed as inhibition of endomorphin-1 degradation after 30 min	Ki	=	2200.0	nM		
CHEMBL2261077	C[C@H](NC(=O)[C@@H]1CCCN1C(=O)[C@@H](N)Cc1ccc(O)cc1)C(=O)O	EMDB-3, Tyr-Pro-Ala-OH	22707871	Inhibition of DPP-4 (unknown origin) assessed as inhibition of endomorphin-2 degradation after 30 min	Ki	=	100000.0	nM		
CHEMBL2261078	C[C@H](NC(=O)[C@@H]1CCCN1C(=O)[C@@H](N)Cc1ccc(O)cc1)C(N)=O	EMDB-2, Tyr-Pro-Ala-NH2	22707871	Inhibition of DPP-4 (unknown origin) assessed as inhibition of endomorphin-2 degradation after 30 min	Ki	=	170000.0	nM		
CHEMBL214381	CC[C@H](C)[C@H](N)C(=O)N1CCC[C@H]1C(=O)N[C@H](C(=O)O)[C@@H](C)CC	Diprotin A, Ile-Pro-Ile	22707871	Inhibition of DPP-4 (unknown origin) assessed as inhibition of endomorphin-2 degradation after 30 min	Ki	=	2200.0	nM		
CHEMBL1230804	NC[C@@H]1CCCN1C(=O)[C@@H]1CC[C@H](COc2cc(C(=O)O)ccc2Cl)N1	2G5T	10.1007/s00044-012-0455-6	Inhibition of dipeptidyl peptidase 4 (unknown origin)	Ki	=	0.82	nM		
CHEMBL1230826	CC(C)(C)c1cc(C(=O)O)ccc1OC[C@H]1CC[C@@H](C(=O)N2CCC[C@H]2CN)N1	2G5P	10.1007/s00044-012-0455-6	Inhibition of dipeptidyl peptidase 4 (unknown origin)	Ki	=	3.8	nM		
CHEMBL225210	N[C@H]1CN(CCc2ccc3c(c2)OCO3)C(=O)C[C@@H]1c1cc(F)c(F)cc1F	2OQI	10.1007/s00044-012-0455-6	Inhibition of dipeptidyl peptidase 4 (unknown origin)	Ki	=	3.2	nM		
CHEMBL1234200	CS(=O)(=O)c1cccc(-c2cc(N3CC[C@H](c4cc(F)c(F)cc4F)[C@@H](N)C3)ncn2)c1	2OQV	10.1007/s00044-012-0455-6	Inhibition of dipeptidyl peptidase 4 (unknown origin)	Ki	=	4.0	nM		
CHEMBL1230909	O=C(NC[C@@H]1CN[C@H](C(=O)N2CCSC2)C1)c1cscn1	2OAE	10.1007/s00044-012-0455-6	Inhibition of dipeptidyl peptidase 4 (unknown origin)	Ki	=	3.4	nM		
CHEMBL1232261	CS(=O)(=O)c1cccc(-c2cc(N3C[C@H](c4cc(F)c(F)cc4F)[C@@H](N)C3)ncn2)c1	2OAG	10.1007/s00044-012-0455-6	Inhibition of dipeptidyl peptidase 4 (unknown origin)	Ki	=	5.3	nM		
CHEMBL1214943	Cc1nc2nc(C(=O)N3CCOCC3)cn2c(-c2ccc(Cl)cc2Cl)c1CN	3NOX	10.1007/s00044-012-0455-6	Inhibition of dipeptidyl peptidase 4 (unknown origin)	Ki	=	2.2	nM		
CHEMBL3086656	CC(C)[C@H](N)C(=O)N1CCC[C@H]1C(=O)NC(C(=O)N1CCC[C@H]1C(=O)N[C@@H](CCCNC(=N)N)C(N)=O)C(C)(C)C	16	24044354	Competitive inhibition of human recombinant DPP4 using AP-pNA as substrate preincubated for 30 mins followed by substrate addition measured after 30 mins by spectrophotometric analysis	Ki	=	4500.0	nM		
CHEMBL2334674	N#C[C@@H]1C[C@@H]2C[C@@H]2N1C(=O)[C@@H](N)c1ccc(-c2ccccc2)cc1	5	23416006	Inhibition of human DPP4 using gly-pro-para-nitroanilide as substrate	Ki	=	1201.0	nM		
CHEMBL2334675	N#C[C@@H]1C[C@@H]2C[C@@H]2N1C(=O)[C@@H](N)c1ccccc1	4	23416006	Inhibition of human DPP4 using gly-pro-para-nitroanilide as substrate	Ki	=	695.0	nM		
CHEMBL2334676	CC(C)C[C@H](N)C(=O)N1[C@H](C#N)C[C@@H]2C[C@@H]21	3	23416006	Inhibition of human DPP4 using gly-pro-para-nitroanilide as substrate	Ki	=	109.0	nM		
CHEMBL2334677	CC(C)[C@H](N)C(=O)N1[C@H](C#N)C[C@@H]2C[C@@H]21	2	23416006	Inhibition of human DPP4 using gly-pro-para-nitroanilide as substrate	Ki	=	26.0	nM		
CHEMBL2334680	CCC1([C@H](N)C(=O)N2[C@H](C#N)C[C@@H]3C[C@@H]32)CCN(S(=O)(=O)c2ccccc2)CC1	15d	23416006	Inhibition of human DPP4 using gly-pro-para-nitroanilide as substrate	Ki	=	10.0	nM		
CHEMBL2334679	CCC1([C@H](N)C(=O)N2[C@H](C#N)C[C@@H]3C[C@@H]32)CCN(S(=O)(=O)c2ccc(Cl)cc2)CC1	15c	23416006	Inhibition of human DPP4 using gly-pro-para-nitroanilide as substrate	Ki	=	15.0	nM		
CHEMBL2334678	CCC1([C@H](N)C(=O)N2[C@H](C#N)C[C@@H]3C[C@@H]32)CCN(C(=O)c2ccc3cnccc3n2)CC1	15b	23416006	Inhibition of human DPP4 using gly-pro-para-nitroanilide as substrate	Ki	=	38.0	nM		
CHEMBL2334701	CCC1([C@H](N)C(=O)N2[C@H](C#N)C[C@@H]3C[C@@H]32)CCN(C(=O)CC(C)(C)C)CC1	15a	23416006	Inhibition of human DPP4 using gly-pro-para-nitroanilide as substrate	Ki	=	35.0	nM		
CHEMBL2334700	N#C[C@@H]1C[C@@H]2C[C@@H]2N1C(=O)[C@@H](N)C1CCN(C(=O)c2ccc3cnccc3n2)CC1	1t	23416006	Inhibition of human DPP4 using gly-pro-para-nitroanilide as substrate	Ki	=	2.0	nM		
CHEMBL2334699	N#C[C@@H]1C[C@@H]2C[C@@H]2N1C(=O)[C@@H](N)C1CCN(C(=O)c2cnc3ccccc3n2)CC1	1s	23416006	Inhibition of human DPP4 using gly-pro-para-nitroanilide as substrate	Ki	=	4.0	nM		
CHEMBL2334698	N#C[C@@H]1C[C@@H]2C[C@@H]2N1C(=O)[C@@H](N)C1CCN(C(=O)c2cnc3ccccc3c2)CC1	1r	23416006	Inhibition of human DPP4 using gly-pro-para-nitroanilide as substrate	Ki	=	5.0	nM		
CHEMBL2334697	N#C[C@@H]1C[C@@H]2C[C@@H]2N1C(=O)[C@@H](N)C1CCN(C(=O)c2cnccn2)CC1	1q	23416006	Inhibition of human DPP4 using gly-pro-para-nitroanilide as substrate	Ki	=	8.0	nM		
CHEMBL2334696	N#C[C@@H]1C[C@@H]2C[C@@H]2N1C(=O)[C@@H](N)C1CCN(C(=O)c2ccc(C(F)(F)F)nc2)CC1	1p	23416006	Inhibition of human DPP4 using gly-pro-para-nitroanilide as substrate	Ki	=	30.0	nM		
CHEMBL2334695	N#C[C@@H]1C[C@@H]2C[C@@H]2N1C(=O)[C@@H](N)C1CCN(S(=O)(=O)c2cccc3ccccc23)CC1	1o	23416006	Inhibition of human DPP4 using gly-pro-para-nitroanilide as substrate	Ki	=	13.0	nM		
CHEMBL2334694	N#C[C@@H]1C[C@@H]2C[C@@H]2N1C(=O)[C@@H](N)C1CCN(S(=O)(=O)Cc2ccccc2)CC1	1n	23416006	Inhibition of human DPP4 using gly-pro-para-nitroanilide as substrate	Ki	=	18.0	nM		
CHEMBL2334693	N#C[C@@H]1C[C@@H]2C[C@@H]2N1C(=O)[C@@H](N)C1CCN(S(=O)(=O)c2ccc(Cl)cc2)CC1	1m	23416006	Inhibition of human DPP4 using gly-pro-para-nitroanilide as substrate	Ki	=	11.0	nM		
CHEMBL2334692	N#C[C@@H]1C[C@@H]2C[C@@H]2N1C(=O)[C@@H](N)C1CCN(C(=O)Cc2ccccc2)CC1	1l	23416006	Inhibition of human DPP4 using gly-pro-para-nitroanilide as substrate	Ki	=	18.0	nM		
CHEMBL2334691	N#C[C@@H]1C[C@@H]2C[C@@H]2N1C(=O)[C@@H](N)C1CCN(C(=O)c2ccccc2)CC1	1k	23416006	Inhibition of human DPP4 using gly-pro-para-nitroanilide as substrate	Ki	=	14.0	nM		
CHEMBL2334690	N#C[C@@H]1C[C@@H]2C[C@@H]2N1C(=O)[C@@H](N)C1CCN(C(=O)CC23CC4CC(CC(C4)C2)C3)CC1	1j	23416006	Inhibition of human DPP4 using gly-pro-para-nitroanilide as substrate	Ki	=	18.0	nM		
CHEMBL2334689	N#C[C@@H]1C[C@@H]2C[C@@H]2N1C(=O)[C@@H](N)C1CCN(C(=O)CC2CCCCC2)CC1	1i	23416006	Inhibition of human DPP4 using gly-pro-para-nitroanilide as substrate	Ki	=	4.0	nM		
CHEMBL2334688	CC(C)(C)CC(=O)N1CCC([C@H](N)C(=O)N2[C@H](C#N)C[C@@H]3C[C@@H]32)CC1	1h	23416006	Inhibition of human DPP4 using gly-pro-para-nitroanilide as substrate	Ki	=	4.0	nM		
CHEMBL2334687	CC(C)(C)C(=O)N1CCC([C@H](N)C(=O)N2[C@H](C#N)C[C@@H]3C[C@@H]32)CC1	1g	23416006	Inhibition of human DPP4 using gly-pro-para-nitroanilide as substrate	Ki	=	18.0	nM		
CHEMBL2334686	CC(=O)N1CCC([C@H](N)C(=O)N2[C@H](C#N)C[C@@H]3C[C@@H]32)CC1	1f	23416006	Inhibition of human DPP4 using gly-pro-para-nitroanilide as substrate	Ki	=	14.0	nM		
CHEMBL2334685	CC(C)(C)NC(=S)N1CCC([C@H](N)C(=O)N2[C@H](C#N)C[C@@H]3C[C@@H]32)CC1	1e	23416006	Inhibition of human DPP4 using gly-pro-para-nitroanilide as substrate	Ki	=	18.0	nM		
CHEMBL2334684	CC(C)(C)NC(=O)N1CCC([C@H](N)C(=O)N2[C@H](C#N)C[C@@H]3C[C@@H]32)CC1	1d	23416006	Inhibition of human DPP4 using gly-pro-para-nitroanilide as substrate	Ki	=	23.0	nM		
CHEMBL2334683	CC(C)(C)OC(=O)N1CCC([C@H](N)C(=O)N2[C@H](C#N)C[C@@H]3C[C@@H]32)CC1	1c	23416006	Inhibition of human DPP4 using gly-pro-para-nitroanilide as substrate	Ki	=	25.0	nM		
CHEMBL2334682	CC(C)(C)CCN1CCC([C@H](N)C(=O)N2[C@H](C#N)C[C@@H]3C[C@@H]32)CC1	1b	23416006	Inhibition of human DPP4 using gly-pro-para-nitroanilide as substrate	Ki	=	75.0	nM		
CHEMBL2334681	N#C[C@@H]1C[C@@H]2C[C@@H]2N1C(=O)[C@@H](N)C1CCNCC1	1a	23416006	Inhibition of human DPP4 using gly-pro-para-nitroanilide as substrate	Ki	=	98.0	nM		
CHEMBL2441955	Cc1nc2c(c(-c3ccc(Cl)cc3Cl)c1CN)C(=O)N(CC(=O)N1CCCCC1)C2	2v, More active atropisomer	23964740	Inhibition of human DPP4 assessed as Gly-Pro-pNA cleavage preincubated for 40 mins followed by substrate addition	Ki	=	0.8	nM		
CHEMBL2441954	Cc1nc2c(c(-c3ccc(Cl)cc3Cl)c1CN)C(=O)N(CC(=O)N1CCCC1)C2	2u, More active atropisomer	23964740	Inhibition of human DPP4 assessed as Gly-Pro-pNA cleavage preincubated for 40 mins followed by substrate addition	Ki	=	0.4	nM		
CHEMBL2441953	CCCN(C)C(=O)CN1Cc2nc(C)c(CN)c(-c3ccc(Cl)cc3Cl)c2C1=O	2t, More active atropisomer	23964740	Inhibition of human DPP4 assessed as Gly-Pro-pNA cleavage preincubated for 40 mins followed by substrate addition	Ki	=	0.4	nM		
CHEMBL2441952	Cc1nc2c(c(-c3ccc(Cl)cc3Cl)c1CN)C(=O)N(CC(=O)N(C)C)C2	3e, More active atropisomer	23964740	Inhibition of human DPP4 assessed as Gly-Pro-pNA cleavage preincubated for 40 mins followed by substrate addition	Ki	=	13.0	nM		
CHEMBL2441952	Cc1nc2c(c(-c3ccc(Cl)cc3Cl)c1CN)C(=O)N(CC(=O)N(C)C)C2	2s, BMS-767778, More active atropisomer	23964740	Inhibition of human DPP4 assessed as Gly-Pro-pNA cleavage preincubated for 40 mins followed by substrate addition	Ki	=	0.94	nM		
CHEMBL2441951	CNC(=O)CN1Cc2nc(C)c(CN)c(-c3ccc(Cl)cc3Cl)c2C1=O	2r, More active atropisomer	23964740	Inhibition of human DPP4 assessed as Gly-Pro-pNA cleavage preincubated for 40 mins followed by substrate addition	Ki	=	2.1	nM		
CHEMBL2441950	Cc1nc2c(c(-c3ccc(Cl)cc3Cl)c1CN)C(=O)N(CC(N)=O)C2	2q, More active atropisomer	23964740	Inhibition of human DPP4 assessed as Gly-Pro-pNA cleavage preincubated for 40 mins followed by substrate addition	Ki	=	4.2	nM		
CHEMBL2441848	CCN(CC)C(=O)[C@@H](C)N1Cc2nc(C)c(CN)c(-c3ccc(Cl)cc3Cl)c2C1=O	2p, More active atropisomer	23964740	Inhibition of human DPP4 assessed as Gly-Pro-pNA cleavage preincubated for 40 mins followed by substrate addition	Ki	=	2.5	nM		
CHEMBL2441847	CCN(CC)C(=O)CCN1Cc2nc(C)c(CN)c(-c3ccc(Cl)cc3Cl)c2C1=O	2o, More active atropisomer	23964740	Inhibition of human DPP4 assessed as Gly-Pro-pNA cleavage preincubated for 40 mins followed by substrate addition	Ki	=	6.6	nM		
CHEMBL2441846	CCN(CC)C(=O)CN1Cc2nc(C)c(CN)c(-c3ccc(Cl)cc3Cl)c2C1=O	2n, More active atropisomer	23964740	Inhibition of human DPP4 assessed as Gly-Pro-pNA cleavage preincubated for 40 mins followed by substrate addition	Ki	=	0.3	nM		
CHEMBL2441845	Cc1nc2c(c(-c3ccc(Cl)cc3Cl)c1CN)C(=O)N(CCC(=O)O)C2	2m, More active atropisomer	23964740	Inhibition of human DPP4 assessed as Gly-Pro-pNA cleavage preincubated for 40 mins followed by substrate addition	Ki	=	1.0	nM		
CHEMBL2441844	Cc1nc2c(c(-c3ccc(Cl)cc3Cl)c1CN)C(=O)N(CC(=O)O)C2	3d, Less active atropisomer	23964740	Inhibition of human DPP4 assessed as Gly-Pro-pNA cleavage preincubated for 40 mins followed by substrate addition	Ki	=	11.0	nM		
CHEMBL2441844	Cc1nc2c(c(-c3ccc(Cl)cc3Cl)c1CN)C(=O)N(CC(=O)O)C2	2l, More active atropisomer	23964740	Inhibition of human DPP4 assessed as Gly-Pro-pNA cleavage preincubated for 40 mins followed by substrate addition	Ki	=	1.7	nM		
CHEMBL2441843	CCOC(=O)N1Cc2nc(C)c(CN)c(-c3ccc(Cl)cc3Cl)c2C1=O	1g	23964740	Inhibition of human DPP4 assessed as Gly-Pro-pNA cleavage preincubated for 40 mins followed by substrate addition	Ki	=	30.0	nM		
CHEMBL2441842	Cc1nc2c(c(-c3ccc(Cl)cc3Cl)c1CN)C(=O)NC2	1f	23964740	Inhibition of human DPP4 assessed as Gly-Pro-pNA cleavage preincubated for 40 mins followed by substrate addition	Ki	=	14.0	nM		
CHEMBL2441841	Cc1nc2c(c(-c3ccc(Cl)cc3Cl)c1CN)C(=O)N(C[C@@H]1CCCN1S(=O)(=O)C1CC1)C2	2k, More active atropisomer	23964740	Inhibition of human DPP4 assessed as Gly-Pro-pNA cleavage preincubated for 40 mins followed by substrate addition	Ki	=	0.4	nM		
CHEMBL2441840	Cc1nc2c(c(-c3ccc(Cl)cc3Cl)c1CN)C(=O)N(C[C@@H]1CCCN1)C2	2j, More active atropisomer	23964740	Inhibition of human DPP4 assessed as Gly-Pro-pNA cleavage preincubated for 40 mins followed by substrate addition	Ki	=	7.5	nM		
CHEMBL2441839	Cc1nc2c(c(-c3ccc(Cl)cc3Cl)c1CN)C(=O)N(C[C@@H]1CCCO1)C2	2i, More active atropisomer	23964740	Inhibition of human DPP4 assessed as Gly-Pro-pNA cleavage preincubated for 40 mins followed by substrate addition	Ki	=	1.0	nM		
CHEMBL2441838	Cc1nc2c(c(-c3ccc(Cl)cc3Cl)c1CN)C(=O)N(C[C@H]1CCCO1)C2	2h, More active atropisomer	23964740	Inhibition of human DPP4 assessed as Gly-Pro-pNA cleavage preincubated for 40 mins followed by substrate addition	Ki	=	2.7	nM		
CHEMBL2441837	COC[C@H](C)N1Cc2nc(C)c(CN)c(-c3ccc(Cl)cc3Cl)c2C1=O	3b, Less active atropisomer	23964740	Inhibition of human DPP4 assessed as Gly-Pro-pNA cleavage preincubated for 40 mins followed by substrate addition	Ki	=	31.0	nM		
CHEMBL2441837	COC[C@H](C)N1Cc2nc(C)c(CN)c(-c3ccc(Cl)cc3Cl)c2C1=O	2g, More active atropisomer	23964740	Inhibition of human DPP4 assessed as Gly-Pro-pNA cleavage preincubated for 40 mins followed by substrate addition	Ki	=	7.4	nM		
CHEMBL2441836	COCCN1Cc2nc(C)c(CN)c(-c3ccc(Cl)cc3Cl)c2C1=O	3c, Less active atropisomer	23964740	Inhibition of human DPP4 assessed as Gly-Pro-pNA cleavage preincubated for 40 mins followed by substrate addition	Ki	=	160.0	nM		
CHEMBL2441836	COCCN1Cc2nc(C)c(CN)c(-c3ccc(Cl)cc3Cl)c2C1=O	2f, More active atropisomer	23964740	Inhibition of human DPP4 assessed as Gly-Pro-pNA cleavage preincubated for 40 mins followed by substrate addition	Ki	=	6.0	nM		
CHEMBL2441836	COCCN1Cc2nc(C)c(CN)c(-c3ccc(Cl)cc3Cl)c2C1=O	1e, BMS-744891	23964740	Inhibition of human DPP4 assessed as Gly-Pro-pNA cleavage preincubated for 40 mins followed by substrate addition	Ki	=	8.3	nM		
CHEMBL2441835	Cc1cc(CN2Cc3nc(C)c(CN)c(-c4ccc(Cl)cc4Cl)c3C2=O)no1	2e, More active atropisomer	23964740	Inhibition of human DPP4 assessed as Gly-Pro-pNA cleavage preincubated for 40 mins followed by substrate addition	Ki	=	2.3	nM		
CHEMBL2441834	Cc1nc2c(c(-c3ccc(Cl)cc3Cl)c1CN)C(=O)N(Cc1ncco1)C2	2d, More active atropisomer	23964740	Inhibition of human DPP4 assessed as Gly-Pro-pNA cleavage preincubated for 40 mins followed by substrate addition	Ki	=	2.6	nM		
CHEMBL2441833	Cc1nc2c(c(-c3ccc(Cl)cc3Cl)c1CN)C(=O)N(Cc1ccn(C)n1)C2	2c, More active atropisomer	23964740	Inhibition of human DPP4 assessed as Gly-Pro-pNA cleavage preincubated for 40 mins followed by substrate addition	Ki	=	3.4	nM		
CHEMBL2441832	Cc1nc2c(c(-c3ccc(Cl)cc3Cl)c1CN)C(=O)N(Cc1ccccc1)C2	1d	23964740	Inhibition of human DPP4 assessed as Gly-Pro-pNA cleavage preincubated for 40 mins followed by substrate addition	Ki	=	29.0	nM		
CHEMBL2441831	Cc1nc2c(c(-c3ccc(Cl)cc3Cl)c1CN)C(=O)N(c1ccn(C)n1)C2	2b, more active atropisomer	23964740	Inhibition of human DPP4 assessed as Gly-Pro-pNA cleavage preincubated for 40 mins followed by substrate addition	Ki	=	11.0	nM		
CHEMBL2441830	COc1ccccc1N1Cc2nc(C)c(CN)c(-c3ccc(Cl)cc3Cl)c2C1=O	3a, Less active atropisomer	23964740	Inhibition of human DPP4 assessed as Gly-Pro-pNA cleavage preincubated for 40 mins followed by substrate addition	Ki	=	63.0	nM		
CHEMBL2441830	COc1ccccc1N1Cc2nc(C)c(CN)c(-c3ccc(Cl)cc3Cl)c2C1=O	2a, More active atropisomer	23964740	Inhibition of human DPP4 assessed as Gly-Pro-pNA cleavage preincubated for 40 mins followed by substrate addition	Ki	=	1.9	nM		
CHEMBL2441830	COc1ccccc1N1Cc2nc(C)c(CN)c(-c3ccc(Cl)cc3Cl)c2C1=O	1c	23964740	Inhibition of human DPP4 assessed as Gly-Pro-pNA cleavage preincubated for 40 mins followed by substrate addition	Ki	=	3.9	nM		
CHEMBL2441829	COc1ccc(N2Cc3nc(C)c(CN)c(-c4ccc(Cl)cc4Cl)c3C2=O)cc1	1b	23964740	Inhibition of human DPP4 assessed as Gly-Pro-pNA cleavage preincubated for 40 mins followed by substrate addition	Ki	=	20.0	nM		
CHEMBL2441828	Cc1nc2c(c(-c3ccc(Cl)cc3Cl)c1CN)C(=O)N(c1ccccc1)C2	1a	23964740	Inhibition of human DPP4 assessed as Gly-Pro-pNA cleavage preincubated for 40 mins followed by substrate addition	Ki	=	21.0	nM		
CHEMBL3086657	CC(C)[C@H](N)C(=O)N1CCC[C@H]1C(=O)N[C@@H](CC(=O)O)C(=O)N1CCC[C@H]1C(=O)N[C@@H](CCCNC(=N)N)C(N)=O	ENT	24044354	Competitive inhibition of human recombinant DPP4 using AP-pNA as substrate preincubated for 30 mins followed by substrate addition measured after 30 mins by spectrophotometric analysis	Ki	=	142000.0	nM		
CHEMBL3086658	CC[C@H](C)[C@H](NC(=O)[C@H](CCCNC(=N)N)NC(=O)[C@H](CC(=O)O)NC(=O)[C@H](CCSC)NC(=O)[C@H](CCCCN)NC(=O)[C@H](CCCNC(=N)N)NC(=O)CNC(=O)[C@H](Cc1ccccc1)NC(=O)[C@H](CS)NC(=O)CNC(=O)[C@H](CO)NC(=O)CNC(=O)[C@H](CCC(N)=O)NC(=O)[C@@H](NC(=O)[C@H](CCSC)NC(=O)C(NC(=O)[C@@H]1CCCN1C(=O)[C@@H](N)CO)C(C)(C)C)C(C)C)C(=O)N[C@@H](CO)C(=O)N[C@@H](CO)C(=O)N[C@@H](CO)C(=O)N[C@@H](CO)C(=O)NCC(=O)N[C@@H](CC(C)C)C(=O)NCC(=O)N[C@@H](CS)C(=O)N[C@@H](CCCCN)C(=O)N[C@H](C(=O)N[C@@H](CC(C)C)C(=O)N[C@@H](CCCNC(=N)N)C(=O)N[C@@H](CCCNC(=N)N)C(=O)N[C@@H](Cc1cnc[nH]1)C(N)=O)C(C)C	15	24044354	Competitive inhibition of human recombinant DPP4 using AP-pNA as substrate preincubated for 30 mins followed by substrate addition measured after 30 mins by spectrophotometric analysis	Ki	=	61000.0	nM		
CHEMBL3086660	CC[C@H](C)[C@H](NC(=O)[C@H](Cc1ccc(O)cc1)NC(=O)[C@H](Cc1cnc[nH]1)NC(=O)[C@H](CCCNC(=N)N)NC(=O)[C@H](CC(C)C)NC(=O)[C@H](C)NC(=O)[C@H](CO)NC(=O)[C@H](Cc1ccc(O)cc1)NC(=O)[C@H](Cc1ccc(O)cc1)NC(=O)[C@H](CCCNC(=N)N)NC(=O)[C@H](C)NC(=O)[C@H](CCSC)NC(=O)[C@H](CC(=O)O)NC(=O)[C@H](CCC(=O)O)NC(=O)[C@H](C)NC(=O)[C@@H]1CCCN1C(=O)[C@H](C)NC(=O)[C@H](CC(=O)O)NC(=O)[C@H](CCC(=O)O)NC(=O)CNC(=O)[C@@H]1CCCN1C(=O)[C@H](CC(N)=O)NC(=O)[C@H](CC(=O)O)NC(=O)[C@@H]1CCCN1C(=O)[C@H](CCCCN)NC(=O)C(NC(=O)[C@@H]1CCCN1C(=O)[C@@H](N)Cc1ccc(O)cc1)C(C)(C)C)C(=O)N[C@@H](CC(N)=O)C(=O)N[C@@H](CC(C)C)C(=O)N[C@@H](CC(C)C)C(=O)N[C@H](C(=O)N[C@@H](CCCNC(=N)N)C(=O)N1CCC[C@H]1C(=O)N[C@@H](CCCNC(=N)N)C(=O)N[C@@H](Cc1ccc(O)cc1)C(N)=O)[C@@H](C)O	14	24044354	Competitive inhibition of human recombinant DPP4 using AP-pNA as substrate preincubated for 30 mins followed by substrate addition measured after 30 mins by spectrophotometric analysis	Ki	=	5000.0	nM		
CHEMBL3086661	CC[C@H](C)[C@H](NC(=O)[C@H](Cc1ccc(O)cc1)NC(=O)[C@H](Cc1cnc[nH]1)NC(=O)[C@H](CCCNC(=N)N)NC(=O)[C@H](CC(C)C)NC(=O)[C@H](C)NC(=O)[C@H](CO)NC(=O)[C@H](Cc1ccc(O)cc1)NC(=O)[C@H](Cc1ccc(O)cc1)NC(=O)[C@H](CCCNC(=N)N)NC(=O)[C@H](C)NC(=O)[C@H](CCSC)NC(=O)[C@H](CC(=O)O)NC(=O)[C@H](CCC(=O)O)NC(=O)[C@H](C)NC(=O)[C@@H]1CCCN1C(=O)[C@H](C)NC(=O)[C@H](CC(=O)O)NC(=O)[C@H](CCC(=O)O)NC(=O)CNC(=O)[C@@H]1CCCN1C(=O)[C@H](CC(N)=O)NC(=O)[C@H](CC(=O)O)NC(=O)[C@@H]1CCCN1C(=O)[C@H](CCCCN)NC(=O)C(NC(=O)[C@@H]1CCCN1C(=O)[C@@H](N)Cc1ccc(O)cc1)C(C)(C)C)C(=O)N[C@@H](CC(N)=O)C(=O)N[C@@H](CC(C)C)C(=O)N[C@H](C(=O)N[C@H](C(=O)N[C@@H](CCCNC(=N)N)C(=O)N[C@@H](CCC(N)=O)C(=O)N[C@@H](CCCNC(=N)N)C(=O)N[C@@H](Cc1ccc(O)cc1)C(N)=O)[C@@H](C)O)[C@@H](C)CC	13	24044354	Competitive inhibition of human recombinant DPP4 using AP-pNA as substrate preincubated for 30 mins followed by substrate addition measured after 30 mins by spectrophotometric analysis	Ki	=	6300.0	nM		
CHEMBL98408	CC[C@H](C)[C@H](N)C(=O)N1CCSC1	2, P32/98	24099035	Inhibition of DPP4 (unknown origin)	Ki	=	126.0	nM		
CHEMBL3127992	N#C[C@@H]1C[C@H](F)CN1C(=O)[C@@H](N)Cc1cc2c(cc1Br)OCO2	6n	24531224	Competitive inhibition of recombinant his6-tagged DPP4 (unknown origin) expressed in baculovirus expression system using Ala-pro-AMC as substrate by Michaelis-Menten equation analysis	Ki	=	9.0	nM		
CHEMBL3127986	N#C[C@@H]1C[C@H](F)CN1C(=O)[C@@H](N)Cc1cscn1	6h	24531224	Competitive inhibition of recombinant his6-tagged DPP4 (unknown origin) expressed in baculovirus expression system using Ala-pro-AMC as substrate by Michaelis-Menten equation analysis	Ki	=	3.5	nM		
CHEMBL2105762	CS(=O)(=O)n1cc2c(n1)CN([C@H]1CO[C@H](c3cc(F)ccc3F)[C@@H](N)C1)C2	MK-3102, Omarigliptin	24660890	Competitive reversible inhibition of DPP4 (unknown origin)	Ki	=	0.8	nM		
CHEMBL387444	O=C(NCC(=O)N1CCC[C@H]1B(O)O)C1CCCCC1	7	35797897	Inhibition of DPP4 (unknown origin)	Ki	=	9080.0	nM		
CHEMBL67279	CC(C)[C@H](N)C(=O)N1CCC[C@H]1B(O)O	Talabostat	35453036	Binding affinity to DPP-4 (unknown origin) assessed as inhibition constant	Ki	=	0.18	nM		
CHEMBL4162340	N#Cc1ccc(F)cc1Cn1c(N2CCC[C@@H](N)C2)nc2cc[nH]c2c1=O	4a	29078995	Reversible mixed-type inhibition of human DPP4 using Gly-Pro-AMC as substrate preincubated for 10 mins followed by substrate addition measured for 5 to 10 mins by Line-weaver-Burk plot analysis	Ki	=	2.9	nM		
CHEMBL1650443	Cn1c(=O)cc(N2CCC[C@@H](N)C2)n(Cc2cc(F)ccc2C#N)c1=O	Trelagliptin	29078995	Competitive inhibition of human DPP4 using Gly-Pro-AMC as substrate preincubated for 10 mins followed by substrate addition measured for 5 to 10 mins by Line-weaver-Burk plot analysis	Ki	=	5.1	nM		
CHEMBL4454091	CCOC(=O)N1CCN(c2ccc3nnc(-c4cccc(C)c4)n3n2)CC1	5a	31812034	Inhibition of human DPP4	Ki	=	34.19	nM		
CHEMBL4578869	Cc1cccc(-c2nnc3ccc(N4CCN(S(C)(=O)=O)CC4)nn23)c1	5b	31812034	Inhibition of human DPP4	Ki	=	341.6	nM		
CHEMBL4529301	Cc1cccc(-c2nnc3ccc(N4CCN(C(=O)c5ccccc5)CC4)nn23)c1	5c	31812034	Inhibition of human DPP4	Ki	=	13.07	nM		
CHEMBL4572703	Cc1cccc(-c2nnc3ccc(N4CCN(CCN)CC4)nn23)c1	5d	31812034	Inhibition of human DPP4	Ki	=	103.7	nM		
CHEMBL4470557	Cc1cccc(-c2nnc3ccc(N4CCN(Cc5ccccc5)C(C(=O)O)C4)nn23)c1	5e	31812034	Inhibition of human DPP4	Ki	=	180.8	nM		
CHEMBL4552003	Cc1cccc(-c2nnc3ccc(N4CCN(C(=O)OC(C)(C)C)C(Cc5ccccc5)C4)nn23)c1	5f	31812034	Inhibition of human DPP4	Ki	=	941.2	nM		
CHEMBL4547171	Cc1cccc(-c2nnc3ccc(N4CCN(Cc5ccc(F)cc5)CC4)nn23)c1	5g	31812034	Inhibition of human DPP4	Ki	=	71.87	nM		
CHEMBL4447400	Cc1cccc(-c2nnc3ccc(N4CCN(CCOCCO)CC4)nn23)c1	5h	31812034	Inhibition of human DPP4	Ki	=	217.9	nM		
CHEMBL4460852	Cc1cccc(-c2nnc3ccc(N4CCN(C(c5ccccc5)c5ccccc5)CC4)nn23)c1	5i	31812034	Inhibition of human DPP4	Ki	=	20.29	nM		
CHEMBL4451410	Cc1cccc(-c2nnc3ccc(N4CCN(Cc5ccccc5)CC4)nn23)c1	5j	31812034	Inhibition of human DPP4	Ki	=	152.8	nM		
CHEMBL4527400	CC(=O)N1CCN(c2ccc3nnc(-c4cccc(C)c4)n3n2)CC1	5k	31812034	Inhibition of human DPP4	Ki	=	380.1	nM		
CHEMBL4547637	COc1ccc(N2CCN(c3ccc4nnc(-c5cccc(C)c5)n4n3)CC2)cc1	5l	31812034	Inhibition of human DPP4	Ki	=	412.2	nM		
(556 rows)
